zone_id,date,venue,direction,setup_type,confirmedTs,triggerTs,regime,entry_price,hit_2pct,hit_2_5pct,hit_3pct,MFE,MAE,time_to_2pct_min,time_to_2_5pct_min,time_to_3pct_min,sim_result,outcome_class
BTC-USDT-SWAP-SHORT-1777766406000-2,2026-05-03,OKX_MAY_EARLY,SHORT,DISTRIBUTION,1777766702000,1777766932000,RANGE,78670.0,0,0,0,0.837,-0.964,,,,TIMEOUT,MID
BTC-USDT-SWAP-SHORT-1777767804000-4,2026-05-03,OKX_MAY_EARLY,SHORT,DISTRIBUTION,1777768803000,1777769518000,RANGE,78625.6,0,0,0,0.781,-1.021,,,,TIMEOUT,MID
BTC-USDT-SWAP-SHORT-1777770052000-5,2026-05-03,OKX_MAY_EARLY,SHORT,DISTRIBUTION,1777770522000,1777771332000,RANGE,78332.5,0,0,0,0.41,-1.399,,,,TIMEOUT,MID
BTC-USDT-SWAP-LONG-1777767435000-3,2026-05-03,OKX_MAY_EARLY,LONG,ACCUMULATION,1777768551000,,RANGE,78625.5,0,0,0,1.021,-0.781,,,,TIMEOUT,MID
BTC-USDT-SWAP-LONG-1777766401000-1,2026-05-03,OKX_MAY_EARLY,LONG,ACCUMULATION,1777767435000,,RANGE,78541.9,0,0,0,1.129,-0.675,,,,TIMEOUT,MID
BTC-USDT-SWAP-SHORT-1777770522000-6,2026-05-03,OKX_MAY_EARLY,SHORT,DISTRIBUTION,1777770702000,1777774474000,RANGE,78301.4,0,0,0,0.37,-1.439,,,,TIMEOUT,MID
BTC-USDT-SWAP-SHORT-1777771817000-8,2026-05-03,OKX_MAY_EARLY,SHORT,DISTRIBUTION,1777773130000,1777775052000,RANGE,78211.4,0,0,0,0.255,-1.556,,,,LOSS,MID
BTC-USDT-SWAP-LONG-1777792892000-12,2026-05-03,OKX_MAY_EARLY,LONG,ACCUMULATION,1777793902000,1777795711000,RANGE,78357.7,1,1,0,2.858,-0.169,1101.9,1142.7,,WIN,STRONG_2_5
BTC-USDT-SWAP-LONG-1777796159000-13,2026-05-03,OKX_MAY_EARLY,LONG,ACCUMULATION,1777796700000,1777801154000,RANGE,78402.4,1,1,0,2.8,-0.226,1055.3,1096.0,,WIN,STRONG_2_5
BTC-USDT-SWAP-SHORT-1777776169000-10,2026-05-03,OKX_MAY_EARLY,SHORT,DISTRIBUTION,1777777001000,,RANGE,78126.9,0,0,0,0.147,-2.948,,,,LOSS,MID
BTC-USDT-SWAP-LONG-1777771459000-7,2026-05-03,OKX_MAY_EARLY,LONG,ACCUMULATION,1777771639000,1777808601000,RANGE,78210.1,0,0,0,1.558,-0.254,,,,TIMEOUT,MID
BTC-USDT-SWAP-LONG-1777772522000-9,2026-05-03,OKX_MAY_EARLY,LONG,ACCUMULATION,1777774551000,1777808601000,RANGE,78159.2,1,1,0,2.611,-0.189,1420.1,1424.5,,WIN,STRONG_2_5
BTC-USDT-SWAP-LONG-1777792252000-11,2026-05-03,OKX_MAY_EARLY,LONG,ACCUMULATION,1777792892000,1777808601000,RANGE,78299.9,1,1,0,2.934,-0.096,1118.5,1159.5,,WIN,STRONG_2_5
BTC-USDT-SWAP-SHORT-1777810253000-16,2026-05-03,OKX_MAY_EARLY,SHORT,DISTRIBUTION,1777810607000,1777814830000,RANGE,78762.6,0,0,0,0.782,-2.33,,,,LOSS,MID
BTC-USDT-SWAP-LONG-1777808480000-14,2026-05-03,OKX_MAY_EARLY,LONG,ACCUMULATION,1777809727000,,RANGE,78646.9,1,0,0,2.48,-0.636,878.9,,,WIN,WEAK_WIN_2
BTC-USDT-SWAP-LONG-1777809727000-15,2026-05-03,OKX_MAY_EARLY,LONG,ACCUMULATION,1777810936000,,RANGE,78770.0,1,0,0,2.32,-0.791,858.8,,,WIN,WEAK_WIN_2
BTC-USDT-SWAP-SHORT-1777854418000-3,2026-05-04,OKX_MAY_EARLY,SHORT,DISTRIBUTION,1777854647000,,RANGE,78315.8,0,0,0,0.216,-3.104,,,,LOSS,MID
BTC-USDT-SWAP-SHORT-1777853802000-2,2026-05-04,OKX_MAY_EARLY,SHORT,DISTRIBUTION,1777854418000,,RANGE,78276.5,0,0,0,0.166,-3.155,,,,LOSS,MID
BTC-USDT-SWAP-LONG-1777853128000-1,2026-05-04,OKX_MAY_EARLY,LONG,ACCUMULATION,1777853370000,1777858333000,RANGE,78444.0,1,1,0,2.935,-0.379,110.8,166.2,,WIN,STRONG_2_5
BTC-USDT-SWAP-LONG-1777859208000-4,2026-05-04,OKX_MAY_EARLY,LONG,ACCUMULATION,1777859402000,1777859465000,RANGE,78926.8,1,0,0,2.306,-0.988,149.0,,,WIN,WEAK_WIN_2
BTC-USDT-SWAP-LONG-1777859383000-5,2026-05-04,OKX_MAY_EARLY,LONG,ACCUMULATION,1777861107000,1777862461000,RANGE,79908.3,0,0,0,1.049,-2.204,,,,LOSS,MID
BTC-USDT-SWAP-SHORT-1777860306000-6,2026-05-04,OKX_MAY_EARLY,SHORT,DISTRIBUTION,1777861274000,,RANGE,79866.8,1,0,0,2.154,-1.101,478.9,,,WIN,WEAK_WIN_2
BTC-USDT-SWAP-SHORT-1777864927000-10,2026-05-04,OKX_MAY_EARLY,SHORT,DISTRIBUTION,1777865107000,1777865418000,TREND_UP,80120.0,1,0,0,2.463,-0.959,412.7,,,WIN,WEAK_WIN_2
BTC-USDT-SWAP-SHORT-1777862755000-7,2026-05-04,OKX_MAY_EARLY,SHORT,DISTRIBUTION,1777862975000,,TREND_UP,80082.2,1,0,0,2.417,-1.006,448.8,,,WIN,WEAK_WIN_2
BTC-USDT-SWAP-LONG-1777863960000-8,2026-05-04,OKX_MAY_EARLY,LONG,ACCUMULATION,1777865403000,1777868369000,TREND_UP,80116.5,0,0,0,0.963,-2.459,,,,LOSS,MID
BTC-USDT-SWAP-SHORT-1777868198000-11,2026-05-04,OKX_MAY_EARLY,SHORT,DISTRIBUTION,1777868442000,1777868643000,TREND_UP,80459.5,1,1,0,2.874,-0.767,346.0,357.7,,WIN,STRONG_2_5
BTC-USDT-SWAP-SHORT-1777872147000-12,2026-05-04,OKX_MAY_EARLY,SHORT,DISTRIBUTION,1777872364000,1777872682000,RANGE,80000.0,1,0,0,2.316,-1.466,293.0,,,WIN,WEAK_WIN_2
BTC-USDT-SWAP-SHORT-1777872403000-13,2026-05-04,OKX_MAY_EARLY,SHORT,DISTRIBUTION,1777873341000,1777876032000,RANGE,80017.5,1,0,0,2.338,-1.615,276.7,,,WIN,WEAK_WIN_2
BTC-USDT-SWAP-SHORT-1777879456000-14,2026-05-04,OKX_MAY_EARLY,SHORT,DISTRIBUTION,1777879704000,1777880057000,RANGE,79826.7,1,0,0,2.104,-1.858,171.7,,,WIN,WEAK_WIN_2
BTC-USDT-SWAP-SHORT-1777881059000-15,2026-05-04,OKX_MAY_EARLY,SHORT,DISTRIBUTION,1777881239000,1777885646000,RANGE,79719.4,0,0,0,1.973,-1.995,,,,LOSS,MID
BTC-USDT-SWAP-SHORT-1777881700000-16,2026-05-04,OKX_MAY_EARLY,SHORT,DISTRIBUTION,1777881880000,1777888981000,RANGE,79618.6,0,0,0,1.849,-2.124,,,,LOSS,MID
BTC-USDT-SWAP-SHORT-1777881902000-17,2026-05-04,OKX_MAY_EARLY,SHORT,DISTRIBUTION,1777882082000,1777888981000,RANGE,79612.8,0,0,0,1.841,-2.132,,,,LOSS,MID
BTC-USDT-SWAP-SHORT-1777864467000-9,2026-05-04,OKX_MAY_EARLY,SHORT,DISTRIBUTION,1777864869000,1777889038000,TREND_UP,80242.2,1,1,0,2.611,-0.805,407.1,419.0,,WIN,STRONG_2_5
BTC-USDT-SWAP-SHORT-1777892670000-20,2026-05-04,OKX_MAY_EARLY,SHORT,DISTRIBUTION,1777893108000,1777894810000,RANGE,78917.4,0,0,0,0.626,-3.032,,,,LOSS,MID
BTC-USDT-SWAP-SHORT-1777892028000-19,2026-05-04,OKX_MAY_EARLY,SHORT,DISTRIBUTION,1777892670000,1777894895000,RANGE,78905.4,0,0,0,0.611,-3.047,,,,LOSS,MID
BTC-USDT-SWAP-SHORT-1777895246000-21,2026-05-04,OKX_MAY_EARLY,SHORT,DISTRIBUTION,1777895774000,1777899638000,RANGE,78771.4,0,0,0,0.442,-3.223,,,,LOSS,MID
BTC-USDT-SWAP-SHORT-1777899955000-22,2026-05-04,OKX_MAY_EARLY,SHORT,DISTRIBUTION,1777901173000,1777903777000,RANGE,78914.4,0,0,0,0.622,-3.515,,,,LOSS,MID
BTC-USDT-SWAP-LONG-1777890491000-18,2026-05-04,OKX_MAY_EARLY,LONG,ACCUMULATION,1777891042000,1777906173000,RANGE,78887.8,1,1,1,3.07,-0.589,257.7,967.7,1142.1,WIN,STRONG_3
BTC-USDT-SWAP-LONG-1777939222000-1,2026-05-05,OKX_MAY_EARLY,LONG,ACCUMULATION,1777940298000,1777941223000,RANGE,79890.0,1,0,0,2.381,-0.102,767.0,,,WIN,WEAK_WIN_2
BTC-USDT-SWAP-LONG-1777940298000-3,2026-05-05,OKX_MAY_EARLY,LONG,ACCUMULATION,1777942210000,1777942435000,RANGE,80020.2,1,0,0,2.215,0.0,737.9,,,WIN,WEAK_WIN_2
BTC-USDT-SWAP-LONG-1777942210000-6,2026-05-05,OKX_MAY_EARLY,LONG,ACCUMULATION,1777943129000,1777943479000,RANGE,80096.8,1,0,0,2.117,0.0,1138.1,,,WIN,WEAK_WIN_2
BTC-USDT-SWAP-SHORT-1777940617000-4,2026-05-05,OKX_MAY_EARLY,SHORT,DISTRIBUTION,1777940850000,,RANGE,79845.1,0,0,0,0.046,-2.439,,,,LOSS,MID
BTC-USDT-SWAP-SHORT-1777939775000-2,2026-05-05,OKX_MAY_EARLY,SHORT,DISTRIBUTION,1777940556000,,RANGE,79863.8,0,0,0,0.069,-2.415,,,,LOSS,MID
BTC-USDT-SWAP-LONG-1777944926000-9,2026-05-05,OKX_MAY_EARLY,LONG,ACCUMULATION,1777945421000,1777946646000,RANGE,80220.0,0,0,0,1.96,-0.026,,,,TIMEOUT,MID
BTC-USDT-SWAP-LONG-1777944987000-10,2026-05-05,OKX_MAY_EARLY,LONG,ACCUMULATION,1777945421000,1777946648000,RANGE,80220.0,0,0,0,1.96,-0.026,,,,TIMEOUT,MID
BTC-USDT-SWAP-SHORT-1777941741000-5,2026-05-05,OKX_MAY_EARLY,SHORT,DISTRIBUTION,1777941940000,,RANGE,80015.7,0,0,0,0.03,-2.22,,,,LOSS,MID
BTC-USDT-SWAP-SHORT-1777942598000-7,2026-05-05,OKX_MAY_EARLY,SHORT,DISTRIBUTION,1777942817000,,RANGE,80119.3,0,0,0,0.105,-2.088,,,,LOSS,MID
BTC-USDT-SWAP-SHORT-1777943740000-8,2026-05-05,OKX_MAY_EARLY,SHORT,DISTRIBUTION,1777944537000,,RANGE,80222.7,0,0,0,0.12,-1.957,,,,LOSS,MID
BTC-USDT-SWAP-LONG-1777946919000-11,2026-05-05,OKX_MAY_EARLY,LONG,ACCUMULATION,1777947297000,1777949032000,RANGE,80406.0,0,0,0,1.724,-0.106,,,,TIMEOUT,MID
BTC-USDT-SWAP-LONG-1777949650000-14,2026-05-05,OKX_MAY_EARLY,LONG,ACCUMULATION,1777950019000,1777951404000,RANGE,80536.0,0,0,0,1.56,-0.16,,,,TIMEOUT,MID
BTC-USDT-SWAP-LONG-1777948532000-12,2026-05-05,OKX_MAY_EARLY,LONG,ACCUMULATION,1777949650000,1777952293000,RANGE,80535.3,0,0,0,1.561,-0.159,,,,TIMEOUT,MID
BTC-USDT-SWAP-LONG-1777954067000-16,2026-05-05,OKX_MAY_EARLY,LONG,ACCUMULATION,1777954527000,1777958692000,RANGE,80794.9,0,0,0,1.235,-0.386,,,,TIMEOUT,MID
BTC-USDT-SWAP-LONG-1777959232000-17,2026-05-05,OKX_MAY_EARLY,LONG,ACCUMULATION,1777959531000,1777959565000,RANGE,81149.9,0,0,0,0.792,-0.821,,,,TIMEOUT,MID
BTC-USDT-SWAP-LONG-1777960746000-19,2026-05-05,OKX_MAY_EARLY,LONG,ACCUMULATION,1777960949000,,RANGE,80950.5,0,0,0,1.04,-0.577,,,,TIMEOUT,MID
BTC-USDT-SWAP-LONG-1777981492000-20,2026-05-05,OKX_MAY_EARLY,LONG,ACCUMULATION,1777982126000,1777983924000,TREND_UP,80891.6,1,0,0,2.359,-0.294,1401.9,,,WIN,WEAK_WIN_2
BTC-USDT-SWAP-SHORT-1777952593000-15,2026-05-05,OKX_MAY_EARLY,SHORT,DISTRIBUTION,1777953836000,,RANGE,80855.1,0,0,0,0.46,-1.159,,,,TIMEOUT,MID
BTC-USDT-SWAP-LONG-1777984771000-21,2026-05-05,OKX_MAY_EARLY,LONG,ACCUMULATION,1777984982000,1777986082000,TREND_UP,81241.0,0,0,0,1.919,-0.723,,,,TIMEOUT,MID
BTC-USDT-SWAP-SHORT-1777949227000-13,2026-05-05,OKX_MAY_EARLY,SHORT,DISTRIBUTION,1777952593000,,RANGE,80892.2,0,0,0,0.505,-1.113,,,,TIMEOUT,MID
BTC-USDT-SWAP-SHORT-1777959677000-18,2026-05-05,OKX_MAY_EARLY,SHORT,DISTRIBUTION,1777961508000,,RANGE,80879.9,0,0,0,0.49,-1.128,,,,TIMEOUT,MID
BTC-USDT-SWAP-LONG-1777986857000-22,2026-05-05,OKX_MAY_EARLY,LONG,ACCUMULATION,1777987254000,,TREND_UP,81622.5,0,0,0,1.443,-1.187,,,,TIMEOUT,MID
BTC-USDT-SWAP-SHORT-1777987824000-23,2026-05-05,OKX_MAY_EARLY,SHORT,DISTRIBUTION,1777988035000,1777990509000,TREND_UP,81460.2,0,0,0,0.99,-1.645,,,,LOSS,MID
BTC-USDT-SWAP-SHORT-1777988507000-25,2026-05-05,OKX_MAY_EARLY,SHORT,DISTRIBUTION,1777989648000,1777990510000,TREND_UP,81198.1,0,0,0,0.67,-1.973,,,,LOSS,MID
BTC-USDT-SWAP-SHORT-1777988035000-24,2026-05-05,OKX_MAY_EARLY,SHORT,DISTRIBUTION,1777988368000,1777990513000,TREND_UP,81372.2,0,0,0,0.883,-1.755,,,,LOSS,MID
BTC-USDT-SWAP-LONG-1777991775000-26,2026-05-05,OKX_MAY_EARLY,LONG,ACCUMULATION,1777992200000,1777993964000,RANGE,81212.6,0,0,0,1.955,-0.688,,,,TIMEOUT,MID
BTC-USDT-SWAP-LONG-1777994476000-27,2026-05-05,OKX_MAY_EARLY,LONG,ACCUMULATION,1777995030000,,RANGE,81593.4,0,0,0,1.479,-1.151,,,,TIMEOUT,MID
BTC-USDT-SWAP-SHORT-1778025692000-1,2026-05-06,OKX_MAY_EARLY,SHORT,DISTRIBUTION,1778026114000,1778028568000,RANGE,81030.5,0,0,0,0.465,-2.184,,,,LOSS,MID
BTC-USDT-SWAP-SHORT-1778026522000-4,2026-05-06,OKX_MAY_EARLY,SHORT,DISTRIBUTION,1778026702000,1778028568000,RANGE,81098.4,0,0,0,0.548,-2.098,,,,LOSS,MID
BTC-USDT-SWAP-SHORT-1778026114000-2,2026-05-06,OKX_MAY_EARLY,SHORT,DISTRIBUTION,1778026522000,1778028599000,RANGE,81101.4,0,0,0,0.552,-2.094,,,,LOSS,MID
BTC-USDT-SWAP-LONG-1778026136000-3,2026-05-06,OKX_MAY_EARLY,LONG,ACCUMULATION,1778027324000,1778030338000,RANGE,80923.0,1,0,0,2.319,-0.333,648.6,,,WIN,WEAK_WIN_2
BTC-USDT-SWAP-LONG-1778030680000-5,2026-05-06,OKX_MAY_EARLY,LONG,ACCUMULATION,1778030860000,1778032069000,RANGE,81234.9,0,0,0,1.927,-0.552,,,,TIMEOUT,MID
BTC-USDT-SWAP-SHORT-1778031654000-6,2026-05-06,OKX_MAY_EARLY,SHORT,DISTRIBUTION,1778031847000,1778034433000,RANGE,81279.7,0,0,0,0.607,-1.87,,,,LOSS,MID
BTC-USDT-SWAP-LONG-1778032801000-9,2026-05-06,OKX_MAY_EARLY,LONG,ACCUMULATION,1778034203000,1778037878000,RANGE,81245.5,0,0,0,1.913,-0.565,,,,TIMEOUT,MID
BTC-USDT-SWAP-SHORT-1778039399000-13,2026-05-06,OKX_MAY_EARLY,SHORT,DISTRIBUTION,1778039682000,1778041826000,RANGE,81500.1,0,0,0,0.876,-1.595,,,,LOSS,MID
BTC-USDT-SWAP-SHORT-1778038633000-11,2026-05-06,OKX_MAY_EARLY,SHORT,DISTRIBUTION,1778038813000,1778041892000,RANGE,81583.2,0,0,0,0.977,-1.491,,,,TIMEOUT,MID
BTC-USDT-SWAP-SHORT-1778038834000-12,2026-05-06,OKX_MAY_EARLY,SHORT,DISTRIBUTION,1778039399000,1778041892000,RANGE,81491.5,0,0,0,0.866,-1.606,,,,LOSS,MID
BTC-USDT-SWAP-LONG-1778037800000-10,2026-05-06,OKX_MAY_EARLY,LONG,ACCUMULATION,1778038424000,,RANGE,81585.5,0,0,0,1.489,-0.98,,,,TIMEOUT,MID
BTC-USDT-SWAP-LONG-1778050121000-14,2026-05-06,OKX_MAY_EARLY,LONG,ACCUMULATION,1778050301000,1778051477000,RANGE,81438.1,0,0,0,1.672,-0.948,,,,TIMEOUT,MID
BTC-USDT-SWAP-LONG-1778051356000-15,2026-05-06,OKX_MAY_EARLY,LONG,ACCUMULATION,1778051999000,1778056406000,RANGE,81472.2,0,0,0,1.63,-0.989,,,,TIMEOUT,MID
BTC-USDT-SWAP-SHORT-1778032528000-8,2026-05-06,OKX_MAY_EARLY,SHORT,DISTRIBUTION,1778032724000,,RANGE,81366.5,0,0,0,0.713,-1.762,,,,LOSS,MID
BTC-USDT-SWAP-LONG-1778057021000-17,2026-05-06,OKX_MAY_EARLY,LONG,ACCUMULATION,1778057201000,1778057433000,RANGE,81668.9,0,0,0,1.385,-1.228,,,,TIMEOUT,MID
BTC-USDT-SWAP-SHORT-1778032378000-7,2026-05-06,OKX_MAY_EARLY,SHORT,DISTRIBUTION,1778032558000,,RANGE,81354.3,0,0,0,0.698,-1.777,,,,LOSS,MID
BTC-USDT-SWAP-LONG-1778057897000-18,2026-05-06,OKX_MAY_EARLY,LONG,ACCUMULATION,1778059664000,1778060465000,RANGE,81700.7,0,0,0,1.346,-1.266,,,,TIMEOUT,MID
BTC-USDT-SWAP-LONG-1778061631000-20,2026-05-06,OKX_MAY_EARLY,LONG,ACCUMULATION,1778062100000,1778062464000,RANGE,81967.1,0,0,0,1.016,-1.587,,,,LOSS,MID
BTC-USDT-SWAP-LONG-1778063999000-23,2026-05-06,OKX_MAY_EARLY,LONG,ACCUMULATION,1778064450000,1778064851000,RANGE,82221.1,0,0,0,0.704,-2.062,,,,LOSS,MID
BTC-USDT-SWAP-SHORT-1778056721000-16,2026-05-06,OKX_MAY_EARLY,SHORT,DISTRIBUTION,1778058706000,,RANGE,81871.5,0,0,0,1.472,-1.134,,,,TIMEOUT,MID
BTC-USDT-SWAP-SHORT-1778058706000-19,2026-05-06,OKX_MAY_EARLY,SHORT,DISTRIBUTION,1778060646000,,RANGE,81964.9,0,0,0,1.585,-1.019,,,,TIMEOUT,MID
BTC-USDT-SWAP-LONG-1778065309000-25,2026-05-06,OKX_MAY_EARLY,LONG,ACCUMULATION,1778066012000,1778066240000,RANGE,82385.4,0,0,0,0.503,-2.258,,,,LOSS,MID
BTC-USDT-SWAP-SHORT-1778062954000-21,2026-05-06,OKX_MAY_EARLY,SHORT,DISTRIBUTION,1778063175000,,RANGE,82152.7,0,0,0,1.81,-0.788,,,,TIMEOUT,MID
BTC-USDT-SWAP-SHORT-1778063175000-22,2026-05-06,OKX_MAY_EARLY,SHORT,DISTRIBUTION,1778063355000,,RANGE,82081.8,0,0,0,1.896,-0.875,,,,TIMEOUT,MID
BTC-USDT-SWAP-SHORT-1778064176000-24,2026-05-06,OKX_MAY_EARLY,SHORT,DISTRIBUTION,1778065143000,,RANGE,82250.0,1,0,0,2.097,-0.669,1409.3,,,WIN,WEAK_WIN_2
BTC-USDT-SWAP-LONG-1778067069000-28,2026-05-06,OKX_MAY_EARLY,LONG,ACCUMULATION,1778067265000,,RANGE,82659.9,0,0,0,0.097,-2.582,,,,LOSS,MID
BTC-USDT-SWAP-SHORT-1778066220000-27,2026-05-06,OKX_MAY_EARLY,SHORT,DISTRIBUTION,1778069456000,1778069686000,RANGE,82326.0,1,0,0,2.187,-0.17,958.8,,,WIN,WEAK_WIN_2
BTC-USDT-SWAP-LONG-1778066012000-26,2026-05-06,OKX_MAY_EARLY,LONG,ACCUMULATION,1778067069000,,RANGE,82653.6,0,0,0,0.105,-2.575,,,,LOSS,MID
BTC-USDT-SWAP-SHORT-1778073528000-29,2026-05-06,OKX_MAY_EARLY,SHORT,DISTRIBUTION,1778073901000,1778074686000,RANGE,81950.9,0,0,0,1.739,-0.084,,,,TIMEOUT,MID
BTC-USDT-SWAP-SHORT-1778073949000-30,2026-05-06,OKX_MAY_EARLY,SHORT,DISTRIBUTION,1778074129000,1778074686000,RANGE,81927.1,0,0,0,1.711,-0.113,,,,TIMEOUT,MID
BTC-USDT-SWAP-SHORT-1778075837000-31,2026-05-06,OKX_MAY_EARLY,SHORT,DISTRIBUTION,1778077059000,,RANGE,81268.8,0,0,0,1.289,-0.844,,,,TIMEOUT,MID
BTC-USDT-SWAP-LONG-1778079442000-32,2026-05-06,OKX_MAY_EARLY,LONG,ACCUMULATION,1778080555000,,RANGE,81492.7,0,0,0,0.443,-1.819,,,,LOSS,MID
BTC-USDT-SWAP-SHORT-1778112468000-3,2026-05-07,OKX_MAY_EARLY,SHORT,DISTRIBUTION,1778112665000,1778114009000,RANGE,81410.0,1,0,0,2.443,-0.336,912.0,,,WIN,WEAK_WIN_2
BTC-USDT-SWAP-SHORT-1778112289000-2,2026-05-07,OKX_MAY_EARLY,SHORT,DISTRIBUTION,1778112469000,1778114054000,RANGE,81323.4,1,0,0,2.339,-0.443,919.1,,,WIN,WEAK_WIN_2
BTC-USDT-SWAP-SHORT-1778113324000-4,2026-05-07,OKX_MAY_EARLY,SHORT,DISTRIBUTION,1778114259000,1778114448000,RANGE,81103.8,1,0,0,2.075,-0.715,1009.4,,,WIN,WEAK_WIN_2
BTC-USDT-SWAP-SHORT-1778115168000-7,2026-05-07,OKX_MAY_EARLY,SHORT,DISTRIBUTION,1778115608000,1778115973000,RANGE,80982.0,0,0,0,1.928,-0.867,,,,TIMEOUT,MID
BTC-USDT-SWAP-LONG-1778120977000-9,2026-05-07,OKX_MAY_EARLY,LONG,ACCUMULATION,1778121157000,1778121180000,RANGE,80884.7,0,0,0,0.988,-1.952,,,,LOSS,MID
BTC-USDT-SWAP-SHORT-1778120564000-8,2026-05-07,OKX_MAY_EARLY,SHORT,DISTRIBUTION,1778120846000,1778126355000,RANGE,80855.1,0,0,0,1.916,-1.025,,,,TIMEOUT,MID
BTC-USDT-SWAP-LONG-1778112013000-1,2026-05-07,OKX_MAY_EARLY,LONG,ACCUMULATION,1778113698000,,RANGE,81250.0,0,0,0,0.534,-2.251,,,,LOSS,MID
BTC-USDT-SWAP-LONG-1778126481000-10,2026-05-07,OKX_MAY_EARLY,LONG,ACCUMULATION,1778126661000,1778135629000,RANGE,80821.5,0,0,0,1.067,-2.107,,,,LOSS,MID
BTC-USDT-SWAP-LONG-1778114741000-6,2026-05-07,OKX_MAY_EARLY,LONG,ACCUMULATION,1778115352000,1778135634000,RANGE,81052.8,0,0,0,0.779,-2.013,,,,LOSS,MID
BTC-USDT-SWAP-LONG-1778113698000-5,2026-05-07,OKX_MAY_EARLY,LONG,ACCUMULATION,1778114741000,1778136237000,RANGE,81046.2,0,0,0,0.787,-2.005,,,,LOSS,MID
BTC-USDT-SWAP-LONG-1778137504000-11,2026-05-07,OKX_MAY_EARLY,LONG,ACCUMULATION,1778137981000,1778138096000,RANGE,81520.0,0,0,0,0.201,-2.946,,,,LOSS,MID
BTC-USDT-SWAP-SHORT-1778138721000-13,2026-05-07,OKX_MAY_EARLY,SHORT,DISTRIBUTION,1778138901000,1778142080000,RANGE,81566.4,1,1,1,3.001,-0.127,470.3,597.7,1177.0,WIN,STRONG_3
BTC-USDT-SWAP-LONG-1778137981000-12,2026-05-07,OKX_MAY_EARLY,LONG,ACCUMULATION,1778139942000,,RANGE,81560.4,0,0,0,0.003,-2.994,,,,LOSS,MID
BTC-USDT-SWAP-LONG-1778142370000-14,2026-05-07,OKX_MAY_EARLY,LONG,ACCUMULATION,1778143795000,,RANGE,81224.8,0,0,0,0.068,-2.593,,,,LOSS,MID
BTC-USDT-SWAP-SHORT-1778150798000-16,2026-05-07,OKX_MAY_EARLY,SHORT,DISTRIBUTION,1778151541000,1778160983000,RANGE,80800.5,1,0,0,2.081,-0.439,966.3,,,WIN,WEAK_WIN_2
BTC-USDT-SWAP-LONG-1778149972000-15,2026-05-07,OKX_MAY_EARLY,LONG,ACCUMULATION,1778151102000,,RANGE,80810.0,0,0,0,0.427,-2.093,,,,LOSS,MID
BTC-USDT-SWAP-SHORT-1778162701000-18,2026-05-07,OKX_MAY_EARLY,SHORT,DISTRIBUTION,1778163833000,1778164296000,RANGE,80445.1,0,0,0,1.649,-0.104,,,,TIMEOUT,MID
BTC-USDT-SWAP-SHORT-1778162367000-17,2026-05-07,OKX_MAY_EARLY,SHORT,DISTRIBUTION,1778162547000,1778164363000,RANGE,80491.3,0,0,0,1.705,-0.203,,,,TIMEOUT,MID
BTC-USDT-SWAP-LONG-1778163360000-19,2026-05-07,OKX_MAY_EARLY,LONG,ACCUMULATION,1778163670000,,RANGE,80467.4,0,0,0,0.076,-1.676,,,,LOSS,MID
BTC-USDT-SWAP-SHORT-1778165101000-21,2026-05-07,OKX_MAY_EARLY,SHORT,DISTRIBUTION,1778165310000,1778167122000,RANGE,80118.1,0,0,0,1.247,-0.502,,,,TIMEOUT,MID
BTC-USDT-SWAP-SHORT-1778168862000-27,2026-05-07,OKX_MAY_EARLY,SHORT,DISTRIBUTION,1778169356000,1778169568000,RANGE,79939.9,0,0,0,1.027,-0.726,,,,TIMEOUT,MID
BTC-USDT-SWAP-LONG-1778163670000-20,2026-05-07,OKX_MAY_EARLY,LONG,ACCUMULATION,1778164817000,,RANGE,80163.1,0,0,0,0.445,-1.303,,,,TIMEOUT,MID
BTC-USDT-SWAP-LONG-1778168050000-26,2026-05-07,OKX_MAY_EARLY,LONG,ACCUMULATION,1778168230000,,RANGE,79997.7,0,0,0,0.653,-1.099,,,,TIMEOUT,MID
BTC-USDT-SWAP-LONG-1778167890000-25,2026-05-07,OKX_MAY_EARLY,LONG,ACCUMULATION,1778168070000,,RANGE,79917.5,0,0,0,0.754,-1.0,,,,TIMEOUT,MID
BTC-USDT-SWAP-SHORT-1778167608000-23,2026-05-07,OKX_MAY_EARLY,SHORT,DISTRIBUTION,1778167795000,,RANGE,79802.6,0,0,0,0.857,-0.899,,,,TIMEOUT,MID
BTC-USDT-SWAP-SHORT-1778167593000-22,2026-05-07,OKX_MAY_EARLY,SHORT,DISTRIBUTION,1778167773000,,RANGE,79779.5,0,0,0,0.828,-0.928,,,,TIMEOUT,MID
BTC-USDT-SWAP-SHORT-1778167700000-24,2026-05-07,OKX_MAY_EARLY,SHORT,DISTRIBUTION,1778168862000,,RANGE,79960.5,0,0,0,1.053,-0.7,,,,TIMEOUT,MID
BTC-USDT-SWAP-LONG-1778198401000-1,2026-05-08,OKX_MAY_EARLY,LONG,ACCUMULATION,1778198581000,1778199751000,RANGE,79999.9,0,0,0,0.65,-1.102,,,,TIMEOUT,MID
BTC-USDT-SWAP-SHORT-1778199225000-2,2026-05-08,OKX_MAY_EARLY,SHORT,DISTRIBUTION,1778199405000,1778201390000,RANGE,80010.1,0,0,0,1.114,-0.637,,,,TIMEOUT,MID
BTC-USDT-SWAP-SHORT-1778201933000-4,2026-05-08,OKX_MAY_EARLY,SHORT,DISTRIBUTION,1778202302000,1778202917000,RANGE,79825.1,0,0,0,0.885,-0.871,,,,TIMEOUT,MID
BTC-USDT-SWAP-SHORT-1778202302000-5,2026-05-08,OKX_MAY_EARLY,SHORT,DISTRIBUTION,1778203359000,1778205716000,RANGE,79700.1,0,0,0,0.729,-1.029,,,,TIMEOUT,MID
BTC-USDT-SWAP-LONG-1778200996000-3,2026-05-08,OKX_MAY_EARLY,LONG,ACCUMULATION,1778202759000,,RANGE,79726.8,0,0,0,0.995,-0.763,,,,TIMEOUT,MID
BTC-USDT-SWAP-SHORT-1778207834000-9,2026-05-08,OKX_MAY_EARLY,SHORT,DISTRIBUTION,1778208553000,1778209416000,RANGE,79528.0,0,0,0,0.515,-1.247,,,,TIMEOUT,MID
BTC-USDT-SWAP-LONG-1778202759000-6,2026-05-08,OKX_MAY_EARLY,LONG,ACCUMULATION,1778203076000,,RANGE,79715.4,0,0,0,1.009,-0.749,,,,TIMEOUT,MID
BTC-USDT-SWAP-LONG-1778214008000-12,2026-05-08,OKX_MAY_EARLY,LONG,ACCUMULATION,1778214693000,,RANGE,79660.7,0,0,0,1.242,-0.571,,,,TIMEOUT,MID
BTC-USDT-SWAP-LONG-1778206032000-7,2026-05-08,OKX_MAY_EARLY,LONG,ACCUMULATION,1778206274000,1778226584000,RANGE,79568.0,0,0,0,1.196,-0.565,,,,TIMEOUT,MID
BTC-USDT-SWAP-SHORT-1778225054000-15,2026-05-08,OKX_MAY_EARLY,SHORT,DISTRIBUTION,1778225281000,,TREND_DOWN,79272.9,0,0,0,0.012,-1.737,,,,LOSS,MID
BTC-USDT-SWAP-SHORT-1778224901000-14,2026-05-08,OKX_MAY_EARLY,SHORT,DISTRIBUTION,1778225081000,,TREND_DOWN,79251.9,0,0,0,0.058,-1.764,,,,LOSS,MID
BTC-USDT-SWAP-LONG-1778228694000-16,2026-05-08,OKX_MAY_EARLY,LONG,ACCUMULATION,1778229462000,1778229531000,RANGE,79729.8,0,0,0,1.154,-0.288,,,,TIMEOUT,MID
BTC-USDT-SWAP-SHORT-1778220545000-13,2026-05-08,OKX_MAY_EARLY,SHORT,DISTRIBUTION,1778221693000,,RANGE,79547.0,0,0,0,0.429,-1.386,,,,TIMEOUT,MID
BTC-USDT-SWAP-SHORT-1778231669000-19,2026-05-08,OKX_MAY_EARLY,SHORT,DISTRIBUTION,1778232348000,1778235001000,RANGE,79948.1,0,0,0,0.56,-0.878,,,,TIMEOUT,MID
BTC-USDT-SWAP-LONG-1778230485000-17,2026-05-08,OKX_MAY_EARLY,LONG,ACCUMULATION,1778230677000,1778236685000,RANGE,79900.0,0,0,0,0.939,-0.501,,,,TIMEOUT,MID
BTC-USDT-SWAP-LONG-1778231153000-18,2026-05-08,OKX_MAY_EARLY,LONG,ACCUMULATION,1778231974000,1778236719000,RANGE,79931.0,0,0,0,0.899,-0.539,,,,TIMEOUT,MID
BTC-USDT-SWAP-LONG-1778237332000-20,2026-05-08,OKX_MAY_EARLY,LONG,ACCUMULATION,1778238427000,1778243406000,RANGE,80211.7,0,0,0,0.546,-0.887,,,,TIMEOUT,MID
BTC-USDT-SWAP-LONG-1778238427000-23,2026-05-08,OKX_MAY_EARLY,LONG,ACCUMULATION,1778238778000,1778243406000,RANGE,80203.1,0,0,0,0.557,-0.877,,,,TIMEOUT,MID
BTC-USDT-SWAP-LONG-1778206928000-8,2026-05-08,OKX_MAY_EARLY,LONG,ACCUMULATION,1778207108000,1778243459000,RANGE,79461.5,0,0,0,1.332,-0.431,,,,TIMEOUT,MID
BTC-USDT-SWAP-LONG-1778209808000-11,2026-05-08,OKX_MAY_EARLY,LONG,ACCUMULATION,1778211694000,1778243478000,RANGE,79590.1,0,0,0,1.196,-0.483,,,,TIMEOUT,MID
BTC-USDT-SWAP-LONG-1778209650000-10,2026-05-08,OKX_MAY_EARLY,LONG,ACCUMULATION,1778211694000,1778243622000,RANGE,79590.1,0,0,0,1.196,-0.483,,,,TIMEOUT,MID
BTC-USDT-SWAP-SHORT-1778237718000-21,2026-05-08,OKX_MAY_EARLY,SHORT,DISTRIBUTION,1778237898000,1778244626000,RANGE,80186.1,0,0,0,0.856,-0.578,,,,TIMEOUT,MID
BTC-USDT-SWAP-SHORT-1778238313000-22,2026-05-08,OKX_MAY_EARLY,SHORT,DISTRIBUTION,1778238920000,,RANGE,80188.1,0,0,0,0.858,-0.576,,,,TIMEOUT,MID
BTC-USDT-SWAP-LONG-1778254248000-24,2026-05-08,OKX_MAY_EARLY,LONG,ACCUMULATION,1778255023000,,RANGE,79921.9,0,0,0,0.911,-0.27,,,,TIMEOUT,MID
BTC-USDT-SWAP-LONG-1778285472000-2,2026-05-09,OKX_MAY_EARLY,LONG,ACCUMULATION,1778288157000,1778289295000,RANGE,80180.2,0,0,0,1.082,-0.112,,,,TIMEOUT,MID
BTC-USDT-SWAP-LONG-1778291005000-6,2026-05-09,OKX_MAY_EARLY,LONG,ACCUMULATION,1778291185000,1778292602000,RANGE,80334.6,0,0,0,0.888,-0.304,,,,TIMEOUT,MID
BTC-USDT-SWAP-LONG-1778292943000-7,2026-05-09,OKX_MAY_EARLY,LONG,ACCUMULATION,1778293126000,1778297032000,RANGE,80399.7,0,0,0,0.806,-0.385,,,,TIMEOUT,MID
BTC-USDT-SWAP-SHORT-1778284860000-1,2026-05-09,OKX_MAY_EARLY,SHORT,DISTRIBUTION,1778285040000,,RANGE,80110.6,0,0,0,0.026,-1.17,,,,TIMEOUT,MID
BTC-USDT-SWAP-SHORT-1778286008000-3,2026-05-09,OKX_MAY_EARLY,SHORT,DISTRIBUTION,1778286366000,,RANGE,80138.2,0,0,0,0.06,-1.135,,,,TIMEOUT,MID
BTC-USDT-SWAP-SHORT-1778290694000-5,2026-05-09,OKX_MAY_EARLY,SHORT,DISTRIBUTION,1778292814000,1778308633000,RANGE,80400.0,0,0,0,0.386,-0.806,,,,TIMEOUT,MID
BTC-USDT-SWAP-SHORT-1778297069000-8,2026-05-09,OKX_MAY_EARLY,SHORT,DISTRIBUTION,1778297249000,1778308755000,RANGE,80364.7,0,0,0,0.342,-0.85,,,,TIMEOUT,MID
BTC-USDT-SWAP-SHORT-1778288648000-4,2026-05-09,OKX_MAY_EARLY,SHORT,DISTRIBUTION,1778288885000,1778310458000,RANGE,80205.0,0,0,0,0.143,-1.051,,,,TIMEOUT,MID
BTC-USDT-SWAP-LONG-1778307889000-10,2026-05-09,OKX_MAY_EARLY,LONG,ACCUMULATION,1778308090000,1778335969000,RANGE,80287.4,0,0,0,0.947,-0.246,,,,TIMEOUT,MID
BTC-USDT-SWAP-LONG-1778299940000-9,2026-05-09,OKX_MAY_EARLY,LONG,ACCUMULATION,1778300144000,,RANGE,80522.6,0,0,0,0.652,-0.537,,,,TIMEOUT,MID
BTC-USDT-SWAP-LONG-1778341884000-11,2026-05-09,OKX_MAY_EARLY,LONG,ACCUMULATION,1778342341000,,RANGE,80484.8,0,0,0,1.181,-0.056,,,,TIMEOUT,MID
BTC-USDT-SWAP-SHORT-1778373724000-3,2026-05-10,OKX_MAY_EARLY,SHORT,DISTRIBUTION,1778374695000,1778374888000,RANGE,80628.1,0,0,0,0.496,-2.277,,,,LOSS,MID
BTC-USDT-SWAP-SHORT-1778371211000-1,2026-05-10,OKX_MAY_EARLY,SHORT,DISTRIBUTION,1778371395000,1778376278000,RANGE,80651.6,0,0,0,0.525,-2.247,,,,LOSS,MID
BTC-USDT-SWAP-LONG-1778373266000-2,2026-05-10,OKX_MAY_EARLY,LONG,ACCUMULATION,1778373902000,1778382301000,RANGE,80702.6,1,0,0,2.183,-0.588,1337.1,,,WIN,WEAK_WIN_2
BTC-USDT-SWAP-LONG-1778375198000-4,2026-05-10,OKX_MAY_EARLY,LONG,ACCUMULATION,1778375378000,1778384401000,RANGE,80609.1,1,0,0,2.301,-0.473,1310.5,,,WIN,WEAK_WIN_2
BTC-USDT-SWAP-LONG-1778382222000-5,2026-05-10,OKX_MAY_EARLY,LONG,ACCUMULATION,1778382734000,1778401547000,RANGE,80730.0,1,0,0,2.148,-0.622,1189.9,,,WIN,WEAK_WIN_2
BTC-USDT-SWAP-SHORT-1778419619000-9,2026-05-10,OKX_MAY_EARLY,SHORT,DISTRIBUTION,1778419801000,1778424442000,RANGE,80927.6,0,0,0,0.864,-1.899,,,,LOSS,MID
BTC-USDT-SWAP-LONG-1778411110000-8,2026-05-10,OKX_MAY_EARLY,LONG,ACCUMULATION,1778411589000,1778425396000,RANGE,80895.9,0,0,0,1.939,-0.826,,,,TIMEOUT,MID
BTC-USDT-SWAP-LONG-1778420175000-10,2026-05-10,OKX_MAY_EARLY,LONG,ACCUMULATION,1778420678000,1778425450000,RANGE,80917.7,0,0,0,1.911,-0.852,,,,TIMEOUT,MID
BTC-USDT-SWAP-SHORT-1778384594000-6,2026-05-10,OKX_MAY_EARLY,SHORT,DISTRIBUTION,1778386511000,,RANGE,80729.0,0,0,0,0.621,-2.149,,,,LOSS,MID
BTC-USDT-SWAP-SHORT-1778401840000-7,2026-05-10,OKX_MAY_EARLY,SHORT,DISTRIBUTION,1778402020000,,RANGE,80821.1,0,0,0,0.734,-2.033,,,,LOSS,MID
BTC-USDT-SWAP-SHORT-1778425638000-11,2026-05-10,OKX_MAY_EARLY,SHORT,DISTRIBUTION,1778426947000,,RANGE,80934.8,0,0,0,0.873,-1.89,,,,LOSS,MID
BTC-USDT-SWAP-LONG-1778428687000-14,2026-05-10,OKX_MAY_EARLY,LONG,ACCUMULATION,1778428867000,,RANGE,81420.9,0,0,0,1.281,-1.465,,,,TIMEOUT,MID
BTC-USDT-SWAP-LONG-1778427951000-12,2026-05-10,OKX_MAY_EARLY,LONG,ACCUMULATION,1778428687000,,RANGE,81363.7,0,0,0,1.352,-1.396,,,,TIMEOUT,MID
BTC-USDT-SWAP-SHORT-1778428321000-13,2026-05-10,OKX_MAY_EARLY,SHORT,DISTRIBUTION,1778428502000,,RANGE,81305.9,0,0,0,1.326,-1.424,,,,TIMEOUT,MID
BTC-USDT-SWAP-SHORT-1778459773000-4,2026-05-11,OKX_MAY_EARLY,SHORT,DISTRIBUTION,1778459953000,1778460777000,RANGE,81688.1,0,0,0,1.571,-0.504,,,,TIMEOUT,MID
BTC-USDT-SWAP-SHORT-1778458305000-2,2026-05-11,OKX_MAY_EARLY,SHORT,DISTRIBUTION,1778459773000,1778460778000,RANGE,81757.8,0,0,0,1.655,-0.419,,,,TIMEOUT,MID
BTC-USDT-SWAP-LONG-1778459036000-3,2026-05-11,OKX_MAY_EARLY,LONG,ACCUMULATION,1778459469000,,RANGE,81725.7,0,0,0,0.458,-1.617,,,,LOSS,MID
BTC-USDT-SWAP-SHORT-1778461285000-5,2026-05-11,OKX_MAY_EARLY,SHORT,DISTRIBUTION,1778463369000,1778465744000,RANGE,81465.7,0,0,0,1.303,-0.779,,,,TIMEOUT,MID
BTC-USDT-SWAP-SHORT-1778461356000-6,2026-05-11,OKX_MAY_EARLY,SHORT,DISTRIBUTION,1778463369000,1778465785000,RANGE,81465.7,0,0,0,1.303,-0.779,,,,TIMEOUT,MID
BTC-USDT-SWAP-SHORT-1778466188000-9,2026-05-11,OKX_MAY_EARLY,SHORT,DISTRIBUTION,1778466526000,1778468840000,RANGE,81207.0,0,0,0,0.988,-1.1,,,,TIMEOUT,MID
BTC-USDT-SWAP-SHORT-1778466035000-8,2026-05-11,OKX_MAY_EARLY,SHORT,DISTRIBUTION,1778466215000,1778468869000,RANGE,81188.0,0,0,0,0.965,-1.123,,,,TIMEOUT,MID
BTC-USDT-SWAP-LONG-1778457601000-1,2026-05-11,OKX_MAY_EARLY,LONG,ACCUMULATION,1778459036000,,RANGE,81699.8,0,0,0,0.49,-1.585,,,,LOSS,MID
BTC-USDT-SWAP-LONG-1778461568000-7,2026-05-11,OKX_MAY_EARLY,LONG,ACCUMULATION,1778461772000,,RANGE,81352.1,0,0,0,0.919,-1.165,,,,TIMEOUT,MID
BTC-USDT-SWAP-LONG-1778466476000-10,2026-05-11,OKX_MAY_EARLY,LONG,ACCUMULATION,1778468778000,,RANGE,81102.0,0,0,0,1.231,-0.86,,,,TIMEOUT,MID
BTC-USDT-SWAP-SHORT-1778469986000-14,2026-05-11,OKX_MAY_EARLY,SHORT,DISTRIBUTION,1778470166000,,RANGE,80596.3,0,0,0,0.238,-1.866,,,,LOSS,MID
BTC-USDT-SWAP-SHORT-1778480041000-17,2026-05-11,OKX_MAY_EARLY,SHORT,DISTRIBUTION,1778480884000,1778482039000,RANGE,80948.2,0,0,0,0.672,-1.423,,,,TIMEOUT,MID
BTC-USDT-SWAP-SHORT-1778474328000-16,2026-05-11,OKX_MAY_EARLY,SHORT,DISTRIBUTION,1778474516000,1778488200000,RANGE,80761.9,0,0,0,0.443,-1.657,,,,LOSS,MID
BTC-USDT-SWAP-SHORT-1778471357000-15,2026-05-11,OKX_MAY_EARLY,SHORT,DISTRIBUTION,1778471973000,1778488207000,RANGE,80703.4,0,0,0,0.37,-1.731,,,,LOSS,MID
BTC-USDT-SWAP-SHORT-1778469951000-13,2026-05-11,OKX_MAY_EARLY,SHORT,DISTRIBUTION,1778470134000,,RANGE,80568.1,0,0,0,0.203,-1.901,,,,LOSS,MID
BTC-USDT-SWAP-LONG-1778468778000-11,2026-05-11,OKX_MAY_EARLY,LONG,ACCUMULATION,1778469544000,1778502278000,RANGE,80636.3,0,0,0,1.815,-0.287,,,,TIMEOUT,MID
BTC-USDT-SWAP-LONG-1778500804000-18,2026-05-11,OKX_MAY_EARLY,LONG,ACCUMULATION,1778501732000,1778502278000,RANGE,81056.5,0,0,0,1.287,-0.804,,,,TIMEOUT,MID
BTC-USDT-SWAP-SHORT-1778504003000-19,2026-05-11,OKX_MAY_EARLY,SHORT,DISTRIBUTION,1778504183000,1778506462000,RANGE,81019.0,0,0,0,0.758,-1.334,,,,TIMEOUT,MID
BTC-USDT-SWAP-LONG-1778505231000-20,2026-05-11,OKX_MAY_EARLY,LONG,ACCUMULATION,1778505411000,,RANGE,81292.9,0,0,0,0.993,-1.093,,,,TIMEOUT,MID
BTC-USDT-SWAP-LONG-1778505407000-21,2026-05-11,OKX_MAY_EARLY,LONG,ACCUMULATION,1778505879000,,RANGE,81234.3,0,0,0,1.066,-1.021,,,,TIMEOUT,MID
BTC-USDT-SWAP-LONG-1778469544000-12,2026-05-11,OKX_MAY_EARLY,LONG,ACCUMULATION,1778470728000,,RANGE,80599.3,0,0,0,1.862,-0.242,,,,TIMEOUT,MID
BTC-USDT-SWAP-LONG-1778513836000-22,2026-05-11,OKX_MAY_EARLY,LONG,ACCUMULATION,1778514016000,,RANGE,81239.4,0,0,0,1.059,-1.359,,,,TIMEOUT,MID
BTC-USDT-SWAP-SHORT-1778544002000-1,2026-05-12,OKX_MAY_EARLY,SHORT,DISTRIBUTION,1778544267000,1778545154000,RANGE,81701.7,1,0,0,2.353,0.0,1001.4,,,WIN,WEAK_WIN_2
BTC-USDT-SWAP-SHORT-1778544053000-2,2026-05-12,OKX_MAY_EARLY,SHORT,DISTRIBUTION,1778544267000,1778545286000,RANGE,81701.7,1,0,0,2.353,0.0,1001.4,,,WIN,WEAK_WIN_2
BTC-USDT-SWAP-SHORT-1778546124000-5,2026-05-12,OKX_MAY_EARLY,SHORT,DISTRIBUTION,1778547161000,1778548068000,RANGE,81514.4,1,0,0,2.129,-0.08,953.9,,,WIN,WEAK_WIN_2
BTC-USDT-SWAP-LONG-1778545038000-3,2026-05-12,OKX_MAY_EARLY,LONG,ACCUMULATION,1778545700000,,RANGE,81517.4,0,0,0,0.119,-2.133,,,,LOSS,MID
BTC-USDT-SWAP-LONG-1778545700000-4,2026-05-12,OKX_MAY_EARLY,LONG,ACCUMULATION,1778546490000,,RANGE,81493.6,0,0,0,0.106,-2.104,,,,LOSS,MID
BTC-USDT-SWAP-LONG-1778548692000-6,2026-05-12,OKX_MAY_EARLY,LONG,ACCUMULATION,1778548898000,,RANGE,81251.6,0,0,0,0.225,-1.812,,,,LOSS,MID
BTC-USDT-SWAP-SHORT-1778549369000-8,2026-05-12,OKX_MAY_EARLY,SHORT,DISTRIBUTION,1778550157000,1778582071000,RANGE,80811.0,0,0,0,1.277,-0.608,,,,TIMEOUT,MID
BTC-USDT-SWAP-SHORT-1778581861000-9,2026-05-12,OKX_MAY_EARLY,SHORT,DISTRIBUTION,1778582041000,1778583967000,RANGE,80630.3,0,0,0,1.056,-0.856,,,,TIMEOUT,MID
BTC-USDT-SWAP-LONG-1778583038000-10,2026-05-12,OKX_MAY_EARLY,LONG,ACCUMULATION,1778583218000,1778589334000,RANGE,80659.6,0,0,0,0.819,-1.092,,,,TIMEOUT,MID
BTC-USDT-SWAP-SHORT-1778584410000-11,2026-05-12,OKX_MAY_EARLY,SHORT,DISTRIBUTION,1778584812000,1778594352000,RANGE,80493.2,0,0,0,0.887,-1.027,,,,TIMEOUT,MID
BTC-USDT-SWAP-LONG-1778548898000-7,2026-05-12,OKX_MAY_EARLY,LONG,ACCUMULATION,1778551650000,,RANGE,81270.2,0,0,0,0.04,-1.835,,,,LOSS,MID
BTC-USDT-SWAP-LONG-1778594514000-12,2026-05-12,OKX_MAY_EARLY,LONG,ACCUMULATION,1778595525000,,RANGE,80639.4,0,0,0,0.844,-1.512,,,,LOSS,MID
BTC-USDT-SWAP-LONG-1778594606000-13,2026-05-12,OKX_MAY_EARLY,LONG,ACCUMULATION,1778595525000,,RANGE,80639.4,0,0,0,0.844,-1.512,,,,LOSS,MID
BTC-USDT-SWAP-SHORT-1778600318000-14,2026-05-12,OKX_MAY_EARLY,SHORT,DISTRIBUTION,1778600623000,,RANGE,80325.8,0,0,0,1.402,-1.238,,,,TIMEOUT,MID
BTC-USDT-SWAP-SHORT-1778600487000-15,2026-05-12,OKX_MAY_EARLY,SHORT,DISTRIBUTION,1778601391000,,RANGE,80375.3,0,0,0,1.68,-1.175,,,,TIMEOUT,MID
BTC-USDT-SWAP-LONG-1778630416000-1,2026-05-13,OKX_MAY_EARLY,LONG,ACCUMULATION,1778630823000,1778631543000,RANGE,80439.9,0,0,0,1.094,-2.136,,,,LOSS,MID
BTC-USDT-SWAP-LONG-1778632426000-4,2026-05-13,OKX_MAY_EARLY,LONG,ACCUMULATION,1778632611000,1778632894000,RANGE,80636.3,0,0,0,0.848,-2.375,,,,LOSS,MID
BTC-USDT-SWAP-LONG-1778633826000-5,2026-05-13,OKX_MAY_EARLY,LONG,ACCUMULATION,1778634203000,1778634553000,RANGE,80680.4,0,0,0,0.793,-2.428,,,,LOSS,MID
BTC-USDT-SWAP-SHORT-1778631137000-2,2026-05-13,OKX_MAY_EARLY,SHORT,DISTRIBUTION,1778632135000,,RANGE,80624.1,1,0,0,2.36,-0.863,927.7,,,WIN,WEAK_WIN_2
BTC-USDT-SWAP-SHORT-1778632135000-3,2026-05-13,OKX_MAY_EARLY,SHORT,DISTRIBUTION,1778633085000,,RANGE,80693.8,1,0,0,2.444,-0.776,905.5,,,WIN,WEAK_WIN_2
BTC-USDT-SWAP-LONG-1778641828000-9,2026-05-13,OKX_MAY_EARLY,LONG,ACCUMULATION,1778642381000,1778643665000,RANGE,80992.6,0,0,0,0.404,-2.804,,,,LOSS,MID
BTC-USDT-SWAP-SHORT-1778644071000-10,2026-05-13,OKX_MAY_EARLY,SHORT,DISTRIBUTION,1778644297000,1778651249000,RANGE,81171.8,1,1,1,3.019,-0.183,596.5,717.4,738.2,WIN,STRONG_3
BTC-USDT-SWAP-LONG-1778657241000-12,2026-05-13,OKX_MAY_EARLY,LONG,ACCUMULATION,1778657718000,1778661760000,RANGE,80873.0,0,0,0,0.553,-2.66,,,,LOSS,MID
BTC-USDT-SWAP-LONG-1778644566000-11,2026-05-13,OKX_MAY_EARLY,LONG,ACCUMULATION,1778644790000,1778663095000,RANGE,81211.9,0,0,0,0.133,-3.067,,,,LOSS,MID
BTC-USDT-SWAP-SHORT-1778636116000-8,2026-05-13,OKX_MAY_EARLY,SHORT,DISTRIBUTION,1778636803000,1778668263000,RANGE,81038.0,1,1,0,2.859,-0.348,806.4,849.9,,WIN,STRONG_2_5
BTC-USDT-SWAP-LONG-1778665087000-13,2026-05-13,OKX_MAY_EARLY,LONG,ACCUMULATION,1778666095000,,RANGE,81236.4,0,0,0,0.043,-3.096,,,,LOSS,MID
BTC-USDT-SWAP-SHORT-1778634622000-6,2026-05-13,OKX_MAY_EARLY,SHORT,DISTRIBUTION,1778634977000,1778670305000,RANGE,80833.0,1,1,0,2.612,-0.603,854.1,882.0,,WIN,STRONG_2_5
BTC-USDT-SWAP-SHORT-1778670952000-15,2026-05-13,OKX_MAY_EARLY,SHORT,DISTRIBUTION,1778671276000,1778674964000,RANGE,80604.1,1,0,0,2.336,-0.077,275.7,,,WIN,WEAK_WIN_2
BTC-USDT-SWAP-SHORT-1778670977000-16,2026-05-13,OKX_MAY_EARLY,SHORT,DISTRIBUTION,1778671276000,1778674967000,RANGE,80604.1,1,0,0,2.336,-0.077,275.7,,,WIN,WEAK_WIN_2
BTC-USDT-SWAP-LONG-1778669950000-14,2026-05-13,OKX_MAY_EARLY,LONG,ACCUMULATION,1778672761000,,RANGE,80640.9,0,0,0,0.031,-2.38,,,,LOSS,MID
BTC-USDT-SWAP-SHORT-1778674814000-17,2026-05-13,OKX_MAY_EARLY,SHORT,DISTRIBUTION,1778675404000,1778675466000,RANGE,80232.3,0,0,0,1.883,-0.106,,,,TIMEOUT,MID
BTC-USDT-SWAP-SHORT-1778675404000-18,2026-05-13,OKX_MAY_EARLY,SHORT,DISTRIBUTION,1778676671000,1778679613000,RANGE,80196.4,0,0,0,1.839,-0.15,,,,TIMEOUT,MID
BTC-USDT-SWAP-LONG-1778678298000-19,2026-05-13,OKX_MAY_EARLY,LONG,ACCUMULATION,1778678526000,,RANGE,80255.8,0,0,0,0.006,-1.912,,,,LOSS,MID
BTC-USDT-SWAP-SHORT-1778679915000-20,2026-05-13,OKX_MAY_EARLY,SHORT,DISTRIBUTION,1778680295000,1778680866000,RANGE,79673.9,0,0,0,1.195,-0.464,,,,TIMEOUT,MID
BTC-USDT-SWAP-LONG-1778681758000-24,2026-05-13,OKX_MAY_EARLY,LONG,ACCUMULATION,1778682001000,,RANGE,79667.3,0,0,0,0.696,-1.187,,,,TIMEOUT,MID
BTC-USDT-SWAP-LONG-1778681003000-23,2026-05-13,OKX_MAY_EARLY,LONG,ACCUMULATION,1778681758000,,RANGE,79715.4,0,0,0,0.412,-1.247,,,,TIMEOUT,MID
BTC-USDT-SWAP-SHORT-1778685935000-26,2026-05-13,OKX_MAY_EARLY,SHORT,DISTRIBUTION,1778686709000,1778687334000,RANGE,79230.1,0,0,0,0.642,-2.399,,,,LOSS,MID
BTC-USDT-SWAP-LONG-1778680985000-22,2026-05-13,OKX_MAY_EARLY,LONG,ACCUMULATION,1778681758000,,RANGE,79715.4,0,0,0,0.412,-1.247,,,,TIMEOUT,MID
BTC-USDT-SWAP-SHORT-1778685855000-25,2026-05-13,OKX_MAY_EARLY,SHORT,DISTRIBUTION,1778686035000,1778687364000,RANGE,79237.7,0,0,0,0.651,-2.389,,,,LOSS,MID
BTC-USDT-SWAP-SHORT-1778680295000-21,2026-05-13,OKX_MAY_EARLY,SHORT,DISTRIBUTION,1778680579000,1778687901000,RANGE,79649.6,0,0,0,1.165,-0.495,,,,TIMEOUT,MID
BTC-USDT-SWAP-LONG-1778686342000-27,2026-05-13,OKX_MAY_EARLY,LONG,ACCUMULATION,1778687211000,,RANGE,79235.0,1,0,0,2.392,-0.648,1387.3,,,WIN,WEAK_WIN_2
BTC-USDT-SWAP-SHORT-1778719099000-3,2026-05-14,OKX_MAY_EARLY,SHORT,DISTRIBUTION,1778719297000,1778722632000,RANGE,79550.7,0,0,0,0.864,-3.08,,,,LOSS,MID
BTC-USDT-SWAP-SHORT-1778723150000-5,2026-05-14,OKX_MAY_EARLY,SHORT,DISTRIBUTION,1778723805000,1778727045000,RANGE,79570.1,0,0,0,0.889,-3.055,,,,LOSS,MID
BTC-USDT-SWAP-SHORT-1778716801000-1,2026-05-14,OKX_MAY_EARLY,SHORT,DISTRIBUTION,1778717143000,1778727182000,RANGE,79343.0,0,0,0,0.605,-3.35,,,,LOSS,MID
BTC-USDT-SWAP-LONG-1778719751000-4,2026-05-14,OKX_MAY_EARLY,LONG,ACCUMULATION,1778720153000,,RANGE,79554.6,1,1,1,3.075,-0.869,895.4,916.2,967.1,WIN,STRONG_3
BTC-USDT-SWAP-LONG-1778717941000-2,2026-05-14,OKX_MAY_EARLY,LONG,ACCUMULATION,1778718307000,,RANGE,79477.4,1,1,1,3.175,-0.773,875.2,935.7,994.8,WIN,STRONG_3
BTC-USDT-SWAP-SHORT-1778728785000-7,2026-05-14,OKX_MAY_EARLY,SHORT,DISTRIBUTION,1778729624000,1778730969000,RANGE,79320.8,0,0,0,0.577,-3.379,,,,LOSS,MID
BTC-USDT-SWAP-SHORT-1778728827000-8,2026-05-14,OKX_MAY_EARLY,SHORT,DISTRIBUTION,1778729624000,1778730969000,RANGE,79320.8,0,0,0,0.577,-3.379,,,,LOSS,MID
BTC-USDT-SWAP-LONG-1778734797000-11,2026-05-14,OKX_MAY_EARLY,LONG,ACCUMULATION,1778734998000,1778736321000,RANGE,79376.0,1,1,1,3.307,-0.234,593.9,656.8,716.2,WIN,STRONG_3
BTC-USDT-SWAP-LONG-1778729820000-9,2026-05-14,OKX_MAY_EARLY,LONG,ACCUMULATION,1778730834000,1778736735000,TREND_DOWN,79059.6,1,1,1,3.72,-0.249,655.1,666.4,726.2,WIN,STRONG_3
BTC-USDT-SWAP-LONG-1778730834000-10,2026-05-14,OKX_MAY_EARLY,LONG,ACCUMULATION,1778731232000,1778736848000,TREND_DOWN,78996.7,1,1,1,3.803,-0.072,647.8,656.7,719.6,WIN,STRONG_3
BTC-USDT-SWAP-LONG-1778728364000-6,2026-05-14,OKX_MAY_EARLY,LONG,ACCUMULATION,1778728544000,1778737948000,RANGE,79240.8,1,1,1,3.483,-0.477,699.3,757.2,823.3,WIN,STRONG_3
BTC-USDT-SWAP-SHORT-1778744808000-15,2026-05-14,OKX_MAY_EARLY,SHORT,DISTRIBUTION,1778746559000,1778753264000,RANGE,79821.4,0,0,0,0.791,-2.731,,,,LOSS,MID
BTC-USDT-SWAP-LONG-1778738417000-14,2026-05-14,OKX_MAY_EARLY,LONG,ACCUMULATION,1778739048000,,RANGE,79865.9,1,1,0,2.673,-0.846,590.0,649.1,,WIN,STRONG_2_5
BTC-USDT-SWAP-LONG-1778737507000-13,2026-05-14,OKX_MAY_EARLY,LONG,ACCUMULATION,1778738417000,,RANGE,79800.6,1,1,0,2.757,-0.765,599.9,659.3,,WIN,STRONG_2_5
BTC-USDT-SWAP-LONG-1778746046000-16,2026-05-14,OKX_MAY_EARLY,LONG,ACCUMULATION,1778746767000,,RANGE,79804.5,1,1,0,2.752,-0.77,460.7,520.1,,WIN,STRONG_2_5
BTC-USDT-SWAP-LONG-1778752277000-17,2026-05-14,OKX_MAY_EARLY,LONG,ACCUMULATION,1778753191000,1778763765000,RANGE,79659.9,1,1,0,2.939,-0.59,347.6,412.5,,WIN,STRONG_2_5
BTC-USDT-SWAP-LONG-1778763716000-18,2026-05-14,OKX_MAY_EARLY,LONG,ACCUMULATION,1778764095000,1778764551000,RANGE,79788.5,1,1,0,2.773,-0.34,171.9,231.3,,WIN,STRONG_2_5
BTC-USDT-SWAP-LONG-1778764923000-19,2026-05-14,OKX_MAY_EARLY,LONG,ACCUMULATION,1778765473000,1778768302000,RANGE,79899.0,1,1,0,2.631,-0.478,159.8,211.1,,WIN,STRONG_2_5
BTC-USDT-SWAP-SHORT-1778737092000-12,2026-05-14,OKX_MAY_EARLY,SHORT,DISTRIBUTION,1778737386000,,RANGE,79660.7,0,0,0,0.591,-2.938,,,,LOSS,MID
BTC-USDT-SWAP-LONG-1778768673000-21,2026-05-14,OKX_MAY_EARLY,LONG,ACCUMULATION,1778769254000,1778769655000,RANGE,80096.5,1,0,0,2.378,-1.883,145.1,,,WIN,WEAK_WIN_2
BTC-USDT-SWAP-SHORT-1778765261000-20,2026-05-14,OKX_MAY_EARLY,SHORT,DISTRIBUTION,1778766124000,,RANGE,79717.5,0,0,0,0.664,-2.864,,,,LOSS,MID
BTC-USDT-SWAP-LONG-1778769980000-23,2026-05-14,OKX_MAY_EARLY,LONG,ACCUMULATION,1778771501000,1778774008000,RANGE,80883.7,0,0,0,1.381,-2.838,,,,LOSS,MID
BTC-USDT-SWAP-LONG-1778769919000-22,2026-05-14,OKX_MAY_EARLY,LONG,ACCUMULATION,1778771501000,,RANGE,80883.7,0,0,0,1.381,-2.838,,,,LOSS,MID
BTC-USDT-SWAP-LONG-1778771501000-24,2026-05-14,OKX_MAY_EARLY,LONG,ACCUMULATION,1778771727000,,RANGE,80922.0,0,0,0,1.333,-2.884,,,,LOSS,MID
BTC-USDT-SWAP-LONG-1778774359000-27,2026-05-14,OKX_MAY_EARLY,LONG,ACCUMULATION,1778774539000,,TREND_UP,81303.9,0,0,0,0.857,-3.34,,,,LOSS,MID
BTC-USDT-SWAP-LONG-1778774469000-28,2026-05-14,OKX_MAY_EARLY,LONG,ACCUMULATION,1778774649000,,TREND_UP,81293.8,0,0,0,0.87,-3.328,,,,LOSS,MID
BTC-USDT-SWAP-LONG-1778774480000-29,2026-05-14,OKX_MAY_EARLY,LONG,ACCUMULATION,1778774660000,,TREND_UP,81298.9,0,0,0,0.864,-3.334,,,,LOSS,MID
BTC-USDT-SWAP-LONG-1778804104000-2,2026-05-15,OKX_MAY_EARLY,LONG,ACCUMULATION,1778804284000,1778805268000,RANGE,81363.5,0,0,0,0.328,-3.411,,,,LOSS,MID
BTC-USDT-SWAP-SHORT-1778804554000-4,2026-05-15,OKX_MAY_EARLY,SHORT,DISTRIBUTION,1778804891000,1778805820000,RANGE,81378.3,1,1,1,3.429,-0.31,782.9,790.2,802.6,WIN,STRONG_3
BTC-USDT-SWAP-SHORT-1778803317000-1,2026-05-15,OKX_MAY_EARLY,SHORT,DISTRIBUTION,1778804554000,1778810521000,RANGE,81350.1,1,1,1,3.395,-0.345,788.5,796.0,808.5,WIN,STRONG_3
BTC-USDT-SWAP-SHORT-1778805492000-5,2026-05-15,OKX_MAY_EARLY,SHORT,DISTRIBUTION,1778807850000,1778810521000,RANGE,81472.7,1,1,1,3.54,-0.058,732.9,740.7,748.5,WIN,STRONG_3
BTC-USDT-SWAP-LONG-1778806283000-6,2026-05-15,OKX_MAY_EARLY,LONG,ACCUMULATION,1778807352000,,RANGE,81511.8,0,0,0,0.047,-3.587,,,,LOSS,MID
BTC-USDT-SWAP-LONG-1778804229000-3,2026-05-15,OKX_MAY_EARLY,LONG,ACCUMULATION,1778806283000,,RANGE,81532.7,0,0,0,0.062,-3.611,,,,LOSS,MID
BTC-USDT-SWAP-SHORT-1778811800000-9,2026-05-15,OKX_MAY_EARLY,SHORT,DISTRIBUTION,1778811980000,1778812475000,RANGE,80868.1,1,1,0,2.819,-0.554,672.9,684.7,,WIN,STRONG_2_5
BTC-USDT-SWAP-LONG-1778810204000-7,2026-05-15,OKX_MAY_EARLY,LONG,ACCUMULATION,1778810647000,1778813521000,RANGE,81130.1,0,0,0,0.229,-3.133,,,,LOSS,MID
BTC-USDT-SWAP-SHORT-1778812213000-10,2026-05-15,OKX_MAY_EARLY,SHORT,DISTRIBUTION,1778813346000,1778821218000,RANGE,81057.7,1,1,1,3.047,-0.319,649.1,656.9,671.1,WIN,STRONG_3
BTC-USDT-SWAP-LONG-1778811330000-8,2026-05-15,OKX_MAY_EARLY,LONG,ACCUMULATION,1778811616000,,RANGE,80893.6,0,0,0,0.522,-2.85,,,,LOSS,MID
BTC-USDT-SWAP-LONG-1778821320000-11,2026-05-15,OKX_MAY_EARLY,LONG,ACCUMULATION,1778824015000,1778829966000,RANGE,80368.1,0,0,0,0.767,-2.215,,,,LOSS,MID
BTC-USDT-SWAP-SHORT-1778823663000-12,2026-05-15,OKX_MAY_EARLY,SHORT,DISTRIBUTION,1778825353000,,RANGE,80372.8,1,0,0,2.22,-0.761,461.9,,,WIN,WEAK_WIN_2
BTC-USDT-SWAP-SHORT-1778828865000-13,2026-05-15,OKX_MAY_EARLY,SHORT,DISTRIBUTION,1778829461000,1778833808000,RANGE,80693.2,1,1,1,3.335,-0.361,384.8,393.7,1435.3,WIN,STRONG_3
BTC-USDT-SWAP-SHORT-1778836619000-14,2026-05-15,OKX_MAY_EARLY,SHORT,DISTRIBUTION,1778836857000,1778838091000,RANGE,80478.2,1,1,1,3.279,-0.331,270.1,1289.3,1314.5,WIN,STRONG_3
BTC-USDT-SWAP-SHORT-1778838340000-15,2026-05-15,OKX_MAY_EARLY,SHORT,DISTRIBUTION,1778838520000,1778850067000,RANGE,80400.1,1,1,1,3.185,-0.428,242.4,1261.6,1409.3,WIN,STRONG_3
BTC-USDT-SWAP-SHORT-1778838611000-16,2026-05-15,OKX_MAY_EARLY,SHORT,DISTRIBUTION,1778839295000,1778850067000,RANGE,80420.7,1,1,1,3.21,-0.403,229.5,1248.7,1274.1,WIN,STRONG_3
BTC-USDT-SWAP-SHORT-1778850510000-17,2026-05-15,OKX_MAY_EARLY,SHORT,DISTRIBUTION,1778850711000,1778851831000,RANGE,80100.0,1,1,1,3.121,-0.119,1058.4,1081.5,1276.7,WIN,STRONG_3
BTC-USDT-SWAP-LONG-1778851047000-18,2026-05-15,OKX_MAY_EARLY,LONG,ACCUMULATION,1778851253000,,RANGE,80113.3,0,0,0,0.102,-3.137,,,,LOSS,MID
BTC-USDT-SWAP-LONG-1778851210000-19,2026-05-15,OKX_MAY_EARLY,LONG,ACCUMULATION,1778852821000,,RANGE,79207.6,0,0,0,0.407,-2.03,,,,LOSS,MID
BTC-USDT-SWAP-SHORT-1778851671000-20,2026-05-15,OKX_MAY_EARLY,SHORT,DISTRIBUTION,1778854064000,,RANGE,78907.9,0,0,0,1.658,-0.788,,,,TIMEOUT,MID
BTC-USDT-SWAP-LONG-1778853463000-21,2026-05-15,OKX_MAY_EARLY,LONG,ACCUMULATION,1778854777000,,RANGE,79206.4,0,0,0,0.409,-2.028,,,,LOSS,MID
BTC-USDT-SWAP-SHORT-1778892117000-4,2026-05-16,OKX_MAY_EARLY,SHORT,DISTRIBUTION,1778893494000,1778894913000,TREND_DOWN,79063.6,0,0,0,1.851,-0.159,,,,TIMEOUT,MID
BTC-USDT-SWAP-LONG-1778895505000-5,2026-05-16,OKX_MAY_EARLY,LONG,ACCUMULATION,1778895967000,1778896595000,TREND_DOWN,79032.1,0,0,0,0.199,-1.812,,,,LOSS,MID
BTC-USDT-SWAP-SHORT-1778890285000-2,2026-05-16,OKX_MAY_EARLY,SHORT,DISTRIBUTION,1778890661000,1778904622000,TREND_DOWN,79125.0,0,0,0,1.927,-0.092,,,,TIMEOUT,MID
BTC-USDT-SWAP-SHORT-1778895819000-6,2026-05-16,OKX_MAY_EARLY,SHORT,DISTRIBUTION,1778896287000,1778905989000,TREND_DOWN,79055.2,0,0,0,1.841,-0.17,,,,TIMEOUT,MID
BTC-USDT-SWAP-SHORT-1778907694000-8,2026-05-16,OKX_MAY_EARLY,SHORT,DISTRIBUTION,1778907890000,1778912455000,RANGE,78978.0,0,0,0,1.745,-0.058,,,,TIMEOUT,MID
BTC-USDT-SWAP-SHORT-1778913373000-9,2026-05-16,OKX_MAY_EARLY,SHORT,DISTRIBUTION,1778913553000,1778913665000,RANGE,78828.8,0,0,0,1.559,-0.0,,,,TIMEOUT,MID
BTC-USDT-SWAP-LONG-1778890855000-3,2026-05-16,OKX_MAY_EARLY,LONG,ACCUMULATION,1778892463000,,TREND_DOWN,79143.5,0,0,0,0.058,-1.95,,,,LOSS,MID
BTC-USDT-SWAP-LONG-1778889849000-1,2026-05-16,OKX_MAY_EARLY,LONG,ACCUMULATION,1778890855000,,TREND_DOWN,79147.0,0,0,0,0.064,-1.955,,,,LOSS,MID
BTC-USDT-SWAP-LONG-1778906327000-7,2026-05-16,OKX_MAY_EARLY,LONG,ACCUMULATION,1778906855000,,RANGE,78970.3,0,0,0,0.068,-1.735,,,,LOSS,MID
BTC-USDT-SWAP-SHORT-1778913605000-10,2026-05-16,OKX_MAY_EARLY,SHORT,DISTRIBUTION,1778915179000,1778915544000,TREND_DOWN,78520.9,0,0,0,1.173,-0.015,,,,TIMEOUT,MID
BTC-USDT-SWAP-LONG-1778914000000-11,2026-05-16,OKX_MAY_EARLY,LONG,ACCUMULATION,1778914488000,,RANGE,78624.6,0,0,0,0.031,-1.303,,,,TIMEOUT,MID
BTC-USDT-SWAP-SHORT-1778915179000-13,2026-05-16,OKX_MAY_EARLY,SHORT,DISTRIBUTION,1778916870000,1778923081000,TREND_DOWN,78433.7,0,0,0,1.063,-0.127,,,,TIMEOUT,MID
BTC-USDT-SWAP-SHORT-1778923475000-14,2026-05-16,OKX_MAY_EARLY,SHORT,DISTRIBUTION,1778923713000,1778926253000,TREND_DOWN,78017.7,0,0,0,0.535,-0.41,,,,TIMEOUT,MID
BTC-USDT-SWAP-SHORT-1778926759000-16,2026-05-16,OKX_MAY_EARLY,SHORT,DISTRIBUTION,1778926939000,1778927296000,TREND_DOWN,77845.0,0,0,0,0.315,-0.837,,,,TIMEOUT,MID
BTC-USDT-SWAP-LONG-1778914488000-12,2026-05-16,OKX_MAY_EARLY,LONG,ACCUMULATION,1778915870000,,TREND_DOWN,78323.5,0,0,0,0.267,-0.924,,,,TIMEOUT,MID
BTC-USDT-SWAP-LONG-1778929656000-18,2026-05-16,OKX_MAY_EARLY,LONG,ACCUMULATION,1778929836000,1778930339000,TREND_DOWN,78023.4,0,0,0,0.702,-0.45,,,,TIMEOUT,MID
BTC-USDT-SWAP-LONG-1778930875000-19,2026-05-16,OKX_MAY_EARLY,LONG,ACCUMULATION,1778931247000,1778942626000,TREND_DOWN,78099.9,0,0,0,0.604,-0.547,,,,TIMEOUT,MID
BTC-USDT-SWAP-LONG-1778934604000-20,2026-05-16,OKX_MAY_EARLY,LONG,ACCUMULATION,1778936881000,1778942708000,TREND_DOWN,77941.8,0,0,0,0.808,-0.346,,,,TIMEOUT,MID
BTC-USDT-SWAP-LONG-1778926409000-15,2026-05-16,OKX_MAY_EARLY,LONG,ACCUMULATION,1778928198000,,TREND_DOWN,77892.9,0,0,0,0.871,-0.283,,,,TIMEOUT,MID
BTC-USDT-SWAP-SHORT-1778926986000-17,2026-05-16,OKX_MAY_EARLY,SHORT,DISTRIBUTION,1778927847000,,TREND_DOWN,77819.6,0,0,0,0.189,-0.966,,,,TIMEOUT,MID
BTC-USDT-SWAP-LONG-1778943731000-21,2026-05-16,OKX_MAY_EARLY,LONG,ACCUMULATION,1778944337000,,RANGE,78086.7,0,0,0,0.621,-0.531,,,,TIMEOUT,MID
BTC-USDT-SWAP-SHORT-1778980595000-5,2026-05-17,OKX_MAY_EARLY,SHORT,DISTRIBUTION,1778981586000,1778982022000,RANGE,77957.8,0,0,0,1.699,-0.787,,,,TIMEOUT,MID
BTC-USDT-SWAP-SHORT-1778981586000-6,2026-05-17,OKX_MAY_EARLY,SHORT,DISTRIBUTION,1778981766000,1778982035000,RANGE,77850.1,0,0,0,1.563,-0.927,,,,TIMEOUT,MID
BTC-USDT-SWAP-LONG-1778976612000-2,2026-05-17,OKX_MAY_EARLY,LONG,ACCUMULATION,1778976792000,,RANGE,78177.9,0,0,0,0.503,-1.976,,,,LOSS,MID
BTC-USDT-SWAP-LONG-1778976019000-1,2026-05-17,OKX_MAY_EARLY,LONG,ACCUMULATION,1778976199000,,RANGE,78171.1,0,0,0,0.512,-1.967,,,,LOSS,MID
BTC-USDT-SWAP-LONG-1778979121000-3,2026-05-17,OKX_MAY_EARLY,LONG,ACCUMULATION,1778979829000,1778992937000,RANGE,77846.1,0,0,0,0.932,-1.558,,,,LOSS,MID
BTC-USDT-SWAP-SHORT-1778982397000-8,2026-05-17,OKX_MAY_EARLY,SHORT,DISTRIBUTION,1778982722000,,RANGE,77780.0,0,0,0,1.474,-1.017,,,,TIMEOUT,MID
BTC-USDT-SWAP-LONG-1778993222000-9,2026-05-17,OKX_MAY_EARLY,LONG,ACCUMULATION,1778993456000,1778994552000,RANGE,78162.1,0,0,0,0.524,-1.956,,,,LOSS,MID
BTC-USDT-SWAP-SHORT-1778996545000-11,2026-05-17,OKX_MAY_EARLY,SHORT,DISTRIBUTION,1778996840000,1778999026000,RANGE,78143.0,0,0,0,1.932,-0.548,,,,TIMEOUT,MID
BTC-USDT-SWAP-SHORT-1778981761000-7,2026-05-17,OKX_MAY_EARLY,SHORT,DISTRIBUTION,1778982397000,,RANGE,77771.8,0,0,0,1.464,-1.028,,,,TIMEOUT,MID
BTC-USDT-SWAP-LONG-1779015977000-14,2026-05-17,OKX_MAY_EARLY,LONG,ACCUMULATION,1779016190000,1779021429000,RANGE,78408.0,0,0,0,0.143,-2.388,,,,LOSS,MID
BTC-USDT-SWAP-SHORT-1779019499000-16,2026-05-17,OKX_MAY_EARLY,SHORT,DISTRIBUTION,1779020385000,1779022962000,RANGE,78336.1,1,0,0,2.298,-0.235,682.2,,,WIN,WEAK_WIN_2
BTC-USDT-SWAP-LONG-1779014697000-13,2026-05-17,OKX_MAY_EARLY,LONG,ACCUMULATION,1779014877000,,RANGE,78430.0,0,0,0,0.115,-2.415,,,,LOSS,MID
BTC-USDT-SWAP-SHORT-1778994795000-10,2026-05-17,OKX_MAY_EARLY,SHORT,DISTRIBUTION,1778996545000,1779027355000,RANGE,78143.2,0,0,0,1.932,-0.548,,,,TIMEOUT,MID
BTC-USDT-SWAP-LONG-1779017594000-15,2026-05-17,OKX_MAY_EARLY,LONG,ACCUMULATION,1779017774000,,RANGE,78319.9,0,0,0,0.256,-2.278,,,,LOSS,MID
BTC-USDT-SWAP-SHORT-1779013159000-12,2026-05-17,OKX_MAY_EARLY,SHORT,DISTRIBUTION,1779013342000,1779027370000,RANGE,78406.0,1,0,0,2.385,-0.211,799.5,,,WIN,WEAK_WIN_2
BTC-USDT-SWAP-LONG-1779025565000-17,2026-05-17,OKX_MAY_EARLY,LONG,ACCUMULATION,1779026330000,,RANGE,78177.8,0,0,0,0.347,-2.1,,,,LOSS,MID
BTC-USDT-SWAP-LONG-1778979829000-4,2026-05-17,OKX_MAY_EARLY,LONG,ACCUMULATION,1778980032000,,RANGE,77943.7,0,0,0,0.805,-1.681,,,,LOSS,MID
BTC-USDT-SWAP-LONG-1779065622000-3,2026-05-18,OKX_MAY_EARLY,LONG,ACCUMULATION,1779066243000,1779066656000,RANGE,77129.0,0,0,0,0.834,-1.44,,,,TIMEOUT,MID
BTC-USDT-SWAP-SHORT-1779062401000-1,2026-05-18,OKX_MAY_EARLY,SHORT,DISTRIBUTION,1779063107000,1779068087000,RANGE,77026.8,0,0,0,1.31,-0.968,,,,TIMEOUT,MID
BTC-USDT-SWAP-SHORT-1779062466000-2,2026-05-18,OKX_MAY_EARLY,SHORT,DISTRIBUTION,1779063107000,1779068087000,RANGE,77026.8,0,0,0,1.31,-0.968,,,,TIMEOUT,MID
BTC-USDT-SWAP-SHORT-1779067925000-5,2026-05-18,OKX_MAY_EARLY,SHORT,DISTRIBUTION,1779068428000,1779072821000,RANGE,76800.1,0,0,0,1.018,-1.266,,,,TIMEOUT,MID
BTC-USDT-SWAP-LONG-1779066243000-4,2026-05-18,OKX_MAY_EARLY,LONG,ACCUMULATION,1779067323000,1779104475000,RANGE,76957.0,0,0,0,1.06,-1.22,,,,TIMEOUT,MID
BTC-USDT-SWAP-SHORT-1779085970000-7,2026-05-18,OKX_MAY_EARLY,SHORT,DISTRIBUTION,1779087288000,,RANGE,76853.9,0,0,0,1.088,-1.195,,,,TIMEOUT,MID
BTC-USDT-SWAP-LONG-1779084718000-6,2026-05-18,OKX_MAY_EARLY,LONG,ACCUMULATION,1779084898000,1779104607000,RANGE,76850.0,0,0,0,1.201,-1.083,,,,TIMEOUT,MID
BTC-USDT-SWAP-LONG-1779106364000-8,2026-05-18,OKX_MAY_EARLY,LONG,ACCUMULATION,1779106601000,1779107773000,RANGE,77405.0,0,0,0,0.475,-1.792,,,,LOSS,MID
BTC-USDT-SWAP-SHORT-1779109004000-12,2026-05-18,OKX_MAY_EARLY,SHORT,DISTRIBUTION,1779110436000,1779111001000,RANGE,77367.9,0,0,0,1.745,-0.025,,,,TIMEOUT,MID
BTC-USDT-SWAP-SHORT-1779108309000-11,2026-05-18,OKX_MAY_EARLY,SHORT,DISTRIBUTION,1779109004000,1779111077000,RANGE,77572.5,1,0,0,2.004,-0.06,153.9,,,WIN,WEAK_WIN_2
BTC-USDT-SWAP-LONG-1779107695000-10,2026-05-18,OKX_MAY_EARLY,LONG,ACCUMULATION,1779108459000,,RANGE,77674.2,0,0,0,0.003,-2.132,,,,LOSS,MID
BTC-USDT-SWAP-LONG-1779107531000-9,2026-05-18,OKX_MAY_EARLY,LONG,ACCUMULATION,1779108459000,,RANGE,77674.2,0,0,0,0.003,-2.132,,,,LOSS,MID
BTC-USDT-SWAP-SHORT-1779114363000-14,2026-05-18,OKX_MAY_EARLY,SHORT,DISTRIBUTION,1779114552000,1779114863000,RANGE,76688.1,0,0,0,0.874,-0.902,,,,TIMEOUT,MID
BTC-USDT-SWAP-SHORT-1779116100000-16,2026-05-18,OKX_MAY_EARLY,SHORT,DISTRIBUTION,1779116344000,1779116547000,RANGE,76309.6,0,0,0,0.382,-1.403,,,,TIMEOUT,MID
BTC-USDT-SWAP-SHORT-1779116035000-15,2026-05-18,OKX_MAY_EARLY,SHORT,DISTRIBUTION,1779116215000,1779116549000,RANGE,76406.6,0,0,0,0.509,-1.274,,,,TIMEOUT,MID
BTC-USDT-SWAP-SHORT-1779117517000-19,2026-05-18,OKX_MAY_EARLY,SHORT,DISTRIBUTION,1779117870000,,RANGE,76068.7,0,0,0,0.067,-1.724,,,,LOSS,MID
BTC-USDT-SWAP-SHORT-1779117381000-18,2026-05-18,OKX_MAY_EARLY,SHORT,DISTRIBUTION,1779117870000,,RANGE,76068.7,0,0,0,0.067,-1.724,,,,LOSS,MID
BTC-USDT-SWAP-SHORT-1779117362000-17,2026-05-18,OKX_MAY_EARLY,SHORT,DISTRIBUTION,1779117870000,,RANGE,76068.7,0,0,0,0.067,-1.724,,,,LOSS,MID
BTC-USDT-SWAP-LONG-1779114178000-13,2026-05-18,OKX_MAY_EARLY,LONG,ACCUMULATION,1779115092000,,RANGE,76448.6,0,0,0,1.218,-0.563,,,,TIMEOUT,MID
BTC-USDT-SWAP-LONG-1779148818000-1,2026-05-19,OKX_MAY_EARLY,LONG,ACCUMULATION,1779149011000,1779149413000,RANGE,76968.5,0,0,0,0.535,-1.108,,,,TIMEOUT,MID
BTC-USDT-SWAP-SHORT-1779149712000-3,2026-05-19,OKX_MAY_EARLY,SHORT,DISTRIBUTION,1779150350000,1779153434000,RANGE,77230.9,0,0,0,1.444,-0.074,,,,TIMEOUT,MID
BTC-USDT-SWAP-LONG-1779150686000-5,2026-05-19,OKX_MAY_EARLY,LONG,ACCUMULATION,1779151421000,,RANGE,77129.2,0,0,0,0.206,-1.314,,,,TIMEOUT,MID
BTC-USDT-SWAP-SHORT-1779155615000-9,2026-05-19,OKX_MAY_EARLY,SHORT,DISTRIBUTION,1779155795000,1779156001000,RANGE,76699.3,0,0,0,0.761,-0.768,,,,TIMEOUT,MID
BTC-USDT-SWAP-SHORT-1779154700000-8,2026-05-19,OKX_MAY_EARLY,SHORT,DISTRIBUTION,1779155254000,1779156004000,RANGE,76755.1,0,0,0,0.833,-0.694,,,,TIMEOUT,MID
BTC-USDT-SWAP-LONG-1779149405000-2,2026-05-19,OKX_MAY_EARLY,LONG,ACCUMULATION,1779150686000,,RANGE,77205.8,0,0,0,0.106,-1.412,,,,TIMEOUT,MID
BTC-USDT-SWAP-SHORT-1779166773000-11,2026-05-19,OKX_MAY_EARLY,SHORT,DISTRIBUTION,1779166958000,1779167861000,RANGE,76871.6,0,0,0,0.983,-0.542,,,,TIMEOUT,MID
BTC-USDT-SWAP-SHORT-1779159473000-10,2026-05-19,OKX_MAY_EARLY,SHORT,DISTRIBUTION,1779159653000,,RANGE,76559.7,0,0,0,0.58,-0.951,,,,TIMEOUT,MID
BTC-USDT-SWAP-LONG-1779172402000-13,2026-05-19,OKX_MAY_EARLY,LONG,ACCUMULATION,1779172752000,1779175332000,RANGE,77004.2,0,0,0,0.413,-1.153,,,,TIMEOUT,MID
BTC-USDT-SWAP-SHORT-1779171845000-12,2026-05-19,OKX_MAY_EARLY,SHORT,DISTRIBUTION,1779172025000,1779182515000,RANGE,76975.6,0,0,0,1.117,-0.45,,,,TIMEOUT,MID
BTC-USDT-SWAP-LONG-1779176903000-15,2026-05-19,OKX_MAY_EARLY,LONG,ACCUMULATION,1779177123000,,RANGE,77217.3,0,0,0,0.301,-1.426,,,,TIMEOUT,MID
BTC-USDT-SWAP-SHORT-1779150350000-4,2026-05-19,OKX_MAY_EARLY,SHORT,DISTRIBUTION,1779150890000,1779182820000,RANGE,77177.1,0,0,0,1.375,-0.144,,,,TIMEOUT,MID
BTC-USDT-SWAP-LONG-1779175228000-14,2026-05-19,OKX_MAY_EARLY,LONG,ACCUMULATION,1779176021000,,RANGE,77124.2,0,0,0,0.422,-1.307,,,,TIMEOUT,MID
BTC-USDT-SWAP-LONG-1779154266000-6,2026-05-19,OKX_MAY_EARLY,LONG,ACCUMULATION,1779155915000,1779197769000,RANGE,76711.3,0,0,0,0.752,-0.776,,,,TIMEOUT,MID
BTC-USDT-SWAP-LONG-1779154355000-7,2026-05-19,OKX_MAY_EARLY,LONG,ACCUMULATION,1779155915000,1779197769000,RANGE,76711.3,0,0,0,0.752,-0.776,,,,TIMEOUT,MID
BTC-USDT-SWAP-SHORT-1779197417000-16,2026-05-19,OKX_MAY_EARLY,SHORT,DISTRIBUTION,1779198993000,1779200308000,RANGE,76879.9,0,0,0,0.994,-1.088,,,,TIMEOUT,MID
BTC-USDT-SWAP-SHORT-1779197485000-17,2026-05-19,OKX_MAY_EARLY,SHORT,DISTRIBUTION,1779198993000,1779200364000,RANGE,76879.9,0,0,0,0.994,-1.088,,,,TIMEOUT,MID
BTC-USDT-SWAP-SHORT-1779206056000-20,2026-05-19,OKX_MAY_EARLY,SHORT,DISTRIBUTION,1779206236000,,RANGE,76476.2,0,0,0,0.124,-1.771,,,,LOSS,MID
BTC-USDT-SWAP-LONG-1779201136000-18,2026-05-19,OKX_MAY_EARLY,LONG,ACCUMULATION,1779201487000,,RANGE,76378.1,0,0,0,1.752,-0.343,,,,TIMEOUT,MID
BTC-USDT-SWAP-LONG-1779203378000-19,2026-05-19,OKX_MAY_EARLY,LONG,ACCUMULATION,1779203558000,,RANGE,76514.9,0,0,0,1.57,-0.176,,,,TIMEOUT,MID
BTC-USDT-SWAP-SHORT-1779235258000-1,2026-05-20,OKX_MAY_EARLY,SHORT,DISTRIBUTION,1779235523000,1779235709000,RANGE,76803.1,0,0,0,0.435,-1.338,,,,TIMEOUT,MID
BTC-USDT-SWAP-SHORT-1779235582000-2,2026-05-20,OKX_MAY_EARLY,SHORT,DISTRIBUTION,1779235999000,1779236612000,RANGE,76573.4,0,0,0,0.136,-1.642,,,,LOSS,MID
BTC-USDT-SWAP-LONG-1779237815000-5,2026-05-20,OKX_MAY_EARLY,LONG,ACCUMULATION,1779238189000,1779238802000,RANGE,76714.2,0,0,0,1.455,-0.305,,,,TIMEOUT,MID
BTC-USDT-SWAP-LONG-1779236685000-4,2026-05-20,OKX_MAY_EARLY,LONG,ACCUMULATION,1779237815000,1779239638000,RANGE,76647.9,0,0,0,1.543,-0.219,,,,TIMEOUT,MID
BTC-USDT-SWAP-LONG-1779239993000-6,2026-05-20,OKX_MAY_EARLY,LONG,ACCUMULATION,1779241282000,1779253744000,RANGE,76559.5,0,0,0,1.66,-0.074,,,,TIMEOUT,MID
BTC-USDT-SWAP-SHORT-1779236404000-3,2026-05-20,OKX_MAY_EARLY,SHORT,DISTRIBUTION,1779237217000,,RANGE,76630.1,0,0,0,0.195,-1.567,,,,LOSS,MID
BTC-USDT-SWAP-LONG-1779254790000-8,2026-05-20,OKX_MAY_EARLY,LONG,ACCUMULATION,1779254970000,1779255027000,RANGE,77120.8,0,0,0,0.921,-0.341,,,,TIMEOUT,MID
BTC-USDT-SWAP-LONG-1779254418000-7,2026-05-20,OKX_MAY_EARLY,LONG,ACCUMULATION,1779254790000,1779255155000,RANGE,77099.7,0,0,0,0.948,-0.313,,,,TIMEOUT,MID
BTC-USDT-SWAP-LONG-1779258761000-10,2026-05-20,OKX_MAY_EARLY,LONG,ACCUMULATION,1779259494000,1779259781000,RANGE,77273.0,0,0,0,0.722,-0.537,,,,TIMEOUT,MID
BTC-USDT-SWAP-LONG-1779260350000-11,2026-05-20,OKX_MAY_EARLY,LONG,ACCUMULATION,1779260901000,1779261875000,RANGE,77294.1,0,0,0,0.694,-0.564,,,,TIMEOUT,MID
BTC-USDT-SWAP-SHORT-1779260432000-12,2026-05-20,OKX_MAY_EARLY,SHORT,DISTRIBUTION,1779261262000,1779263558000,RANGE,77350.2,0,0,0,0.636,-0.621,,,,TIMEOUT,MID
BTC-USDT-SWAP-SHORT-1779272997000-15,2026-05-20,OKX_MAY_EARLY,SHORT,DISTRIBUTION,1779274151000,1779277347000,RANGE,77508.6,0,0,0,0.839,-0.416,,,,TIMEOUT,MID
BTC-USDT-SWAP-SHORT-1779255331000-9,2026-05-20,OKX_MAY_EARLY,SHORT,DISTRIBUTION,1779256262000,,RANGE,77150.1,0,0,0,0.378,-0.882,,,,TIMEOUT,MID
BTC-USDT-SWAP-LONG-1779273398000-16,2026-05-20,OKX_MAY_EARLY,LONG,ACCUMULATION,1779274870000,1779281814000,RANGE,77474.4,0,0,0,0.46,-0.795,,,,TIMEOUT,MID
BTC-USDT-SWAP-LONG-1779267303000-14,2026-05-20,OKX_MAY_EARLY,LONG,ACCUMULATION,1779267501000,1779281819000,RANGE,77429.8,0,0,0,0.518,-0.738,,,,TIMEOUT,MID
BTC-USDT-SWAP-SHORT-1779278862000-17,2026-05-20,OKX_MAY_EARLY,SHORT,DISTRIBUTION,1779279042000,1779283584000,RANGE,77394.2,0,0,0,0.693,-0.564,,,,TIMEOUT,MID
BTC-USDT-SWAP-SHORT-1779266672000-13,2026-05-20,OKX_MAY_EARLY,SHORT,DISTRIBUTION,1779266864000,1779284161000,RANGE,77466.0,0,0,0,0.785,-0.471,,,,TIMEOUT,MID
BTC-USDT-SWAP-SHORT-1779285074000-20,2026-05-20,OKX_MAY_EARLY,SHORT,DISTRIBUTION,1779285258000,1779286424000,RANGE,77171.9,0,0,0,0.406,-0.854,,,,TIMEOUT,MID
BTC-USDT-SWAP-SHORT-1779284575000-18,2026-05-20,OKX_MAY_EARLY,SHORT,DISTRIBUTION,1779285074000,,RANGE,77128.0,0,0,0,0.35,-0.911,,,,TIMEOUT,MID
BTC-USDT-SWAP-SHORT-1779284699000-19,2026-05-20,OKX_MAY_EARLY,SHORT,DISTRIBUTION,1779285074000,,RANGE,77128.0,0,0,0,0.35,-0.911,,,,TIMEOUT,MID
BTC-USDT-SWAP-LONG-1779290480000-21,2026-05-20,OKX_MAY_EARLY,LONG,ACCUMULATION,1779290667000,,RANGE,77621.7,0,0,0,0.006,-0.371,,,,TIMEOUT,MID
