date,symbol,direction,zoneType,status,zoneStartTs,zoneConfirmedTs,triggerTs,zoneLow,zoneHigh,triggerPrice,targetPrice,target4h,target8h,target24h,mfe,mae,timeToTarget,uniqueMoveId,moveClusterSize,isPrimaryMoveZone,duplicateMoveCredit,reasons
2026-03-01,BTCUSDT,SHORT,DISTRIBUTION,RESOLVED_REACHED,2026-03-01T00:01:02.000Z,2026-03-01T00:58:31.000Z,2026-03-01T01:08:04.000Z,66593.75,67066.55,66550.15,65219.14699999999,failed_by_timeout,failed_by_timeout,reached,2.313,2.463,1162.52,1,8,yes,no,"candidate@2026-03-01T00:01:02.000Z{buyPressure=0.641,askRefillScore=0.578,upMovePct=0.002,absorbScore=0.654,rangeCompression=true} | confirmed@2026-03-01T00:58:31.000Z{cyclesSeen=6.000,ageMin=57.483,defendedPersistenceSec=3449.000,oppositeThinning=0.499,voidScore=0.407} | trigger@2026-03-01T01:08:04.000Z{breakPct=0.065,flowMultiplier=5.144,sideFlowOK=true,triggerPrice=66550.150,targetPrice=65219.147} | expire@2026-03-01T20:30:35.171Z{earliestReachedHorizon=24h,targetPrice=65219.147}"
2026-03-01,BTCUSDT,LONG,ACCUMULATION,INVALIDATED,2026-03-01T00:02:07.000Z,2026-03-01T00:05:21.000Z,-,66909.37857500001,67066.55,,,invalidated_before_trigger,invalidated_before_trigger,invalidated_before_trigger,,,,,,,,"candidate@2026-03-01T00:02:07.000Z{sellPressure=0.590,bidRefillScore=0.523,downMovePct=0.000,absorbScore=0.649,rangeCompression=true} | confirmed@2026-03-01T00:05:21.000Z{cyclesSeen=53.000,ageMin=3.233,defendedPersistenceSec=194.000,oppositeThinning=0.482,voidScore=0.394} | invalidate@2026-03-01T01:04:56.000Z{mid=66570.550,zoneLow=66909.379,zoneHigh=67066.550}"
2026-03-01,BTCUSDT,LONG,ACCUMULATION,INVALIDATED,2026-03-01T00:05:21.000Z,2026-03-01T00:11:55.000Z,-,66775.95,67028.84767500001,,,invalidated_before_trigger,invalidated_before_trigger,invalidated_before_trigger,,,,,,,,"candidate@2026-03-01T00:05:21.000Z{sellPressure=0.552,bidRefillScore=0.513,downMovePct=0.000,absorbScore=0.607,rangeCompression=true} | confirmed@2026-03-01T00:11:55.000Z{cyclesSeen=52.000,ageMin=6.567,defendedPersistenceSec=394.000,oppositeThinning=0.498,voidScore=0.263} | invalidate@2026-03-01T01:09:46.000Z{mid=66439.450,zoneLow=66775.950,zoneHigh=67028.848}"
2026-03-01,BTCUSDT,LONG,ACCUMULATION,INVALIDATED,2026-03-01T00:11:55.000Z,2026-03-01T00:14:55.000Z,-,66806.05,66899.48302500001,,,invalidated_before_trigger,invalidated_before_trigger,invalidated_before_trigger,,,,,,,,"candidate@2026-03-01T00:11:55.000Z{sellPressure=0.675,bidRefillScore=0.514,downMovePct=0.004,absorbScore=0.619,rangeCompression=true} | confirmed@2026-03-01T00:14:55.000Z{cyclesSeen=74.000,ageMin=3.000,defendedPersistenceSec=180.000,oppositeThinning=0.501,voidScore=0.266} | invalidate@2026-03-01T01:09:36.000Z{mid=66458.600,zoneLow=66806.050,zoneHigh=66899.483}"
2026-03-01,BTCUSDT,LONG,ACCUMULATION,INVALIDATED,2026-03-01T00:37:18.000Z,2026-03-01T00:40:41.000Z,-,66710.15,66792.629625,,,invalidated_before_trigger,invalidated_before_trigger,invalidated_before_trigger,,,,,,,,"candidate@2026-03-01T00:37:18.000Z{sellPressure=0.571,bidRefillScore=0.501,downMovePct=0.000,absorbScore=0.628,rangeCompression=true} | confirmed@2026-03-01T00:40:41.000Z{cyclesSeen=133.000,ageMin=3.383,defendedPersistenceSec=203.000,oppositeThinning=0.503,voidScore=0.221} | invalidate@2026-03-01T01:11:03.000Z{mid=66279.400,zoneLow=66710.150,zoneHigh=66792.630}"
2026-03-01,BTCUSDT,LONG,ACCUMULATION,INVALIDATED,2026-03-01T00:47:06.000Z,2026-03-01T00:50:06.000Z,-,66618.05,66718.992825,,,invalidated_before_trigger,invalidated_before_trigger,invalidated_before_trigger,,,,,,,,"candidate@2026-03-01T00:47:06.000Z{sellPressure=0.562,bidRefillScore=0.496,downMovePct=0.000,absorbScore=0.618,rangeCompression=true} | confirmed@2026-03-01T00:50:06.000Z{cyclesSeen=169.000,ageMin=3.000,defendedPersistenceSec=180.000,oppositeThinning=0.498,voidScore=0.215} | invalidate@2026-03-01T01:11:03.000Z{mid=66279.400,zoneLow=66618.050,zoneHigh=66718.993}"
2026-03-01,BTCUSDT,LONG,ACCUMULATION,INVALIDATED,2026-03-01T00:49:00.000Z,2026-03-01T00:52:00.000Z,-,66598.534075,66734.75,,,invalidated_before_trigger,invalidated_before_trigger,invalidated_before_trigger,,,,,,,,"candidate@2026-03-01T00:49:00.000Z{sellPressure=0.612,bidRefillScore=0.497,downMovePct=0.000,absorbScore=0.673,rangeCompression=true} | confirmed@2026-03-01T00:52:00.000Z{cyclesSeen=134.000,ageMin=3.000,defendedPersistenceSec=180.000,oppositeThinning=0.499,voidScore=0.252} | invalidate@2026-03-01T01:11:04.000Z{mid=66167.150,zoneLow=66598.534,zoneHigh=66734.750}"
2026-03-01,BTCUSDT,SHORT,DISTRIBUTION,INVALIDATED,2026-03-01T00:58:31.000Z,2026-03-01T01:16:21.000Z,-,66158.25,66818.942775,,,invalidated_before_trigger,invalidated_before_trigger,invalidated_before_trigger,,,,,,,,"candidate@2026-03-01T00:58:31.000Z{buyPressure=0.553,askRefillScore=0.499,upMovePct=0.000,absorbScore=0.608,rangeCompression=true} | confirmed@2026-03-01T01:16:21.000Z{cyclesSeen=10.000,ageMin=17.833,defendedPersistenceSec=1070.000,oppositeThinning=0.503,voidScore=0.380} | invalidate@2026-03-01T01:49:55.000Z{mid=67205.550,zoneLow=66158.250,zoneHigh=66818.943}"
2026-03-01,BTCUSDT,SHORT,DISTRIBUTION,INVALIDATED,2026-03-01T01:17:21.000Z,2026-03-01T01:20:37.000Z,-,66039.75,66234.95,,,invalidated_before_trigger,invalidated_before_trigger,invalidated_before_trigger,,,,,,,,"candidate@2026-03-01T01:17:21.000Z{buyPressure=0.553,askRefillScore=0.498,upMovePct=0.000,absorbScore=0.608,rangeCompression=true} | confirmed@2026-03-01T01:20:37.000Z{cyclesSeen=10.000,ageMin=3.267,defendedPersistenceSec=196.000,oppositeThinning=0.498,voidScore=0.391} | invalidate@2026-03-01T01:36:51.000Z{mid=66567.750,zoneLow=66039.750,zoneHigh=66234.950}"
2026-03-01,BTCUSDT,SHORT,DISTRIBUTION,RESOLVED_FAILED,2026-03-01T02:08:26.000Z,2026-03-01T02:16:06.000Z,2026-03-01T16:49:24.000Z,67655.45,68059.35,65919.75,64601.354999999996,failed_by_timeout,failed_by_timeout,failed_by_timeout,1.379,1.469,,,,,,"candidate@2026-03-01T02:08:26.000Z{buyPressure=0.558,askRefillScore=0.500,upMovePct=0.000,absorbScore=0.614,rangeCompression=true} | confirmed@2026-03-01T02:16:06.000Z{cyclesSeen=4.000,ageMin=7.667,defendedPersistenceSec=460.000,oppositeThinning=0.500,voidScore=0.438} | trigger@2026-03-01T16:49:24.000Z{breakPct=2.565,flowMultiplier=1.426,sideFlowOK=true,triggerPrice=65919.750,targetPrice=64601.355} | expire@2026-03-02T16:49:24.000Z{allHorizonsFailed=true,targetPrice=64601.355}"
2026-03-01,BTCUSDT,LONG,ACCUMULATION,INVALIDATED,2026-03-01T02:34:32.000Z,2026-03-01T03:08:32.000Z,-,67578.25,68138.95,,,invalidated_before_trigger,invalidated_before_trigger,invalidated_before_trigger,,,,,,,,"candidate@2026-03-01T02:34:32.000Z{sellPressure=0.582,bidRefillScore=0.500,downMovePct=0.000,absorbScore=0.640,rangeCompression=true} | confirmed@2026-03-01T03:08:32.000Z{cyclesSeen=26.000,ageMin=34.000,defendedPersistenceSec=2040.000,oppositeThinning=0.499,voidScore=0.305} | invalidate@2026-03-01T04:16:12.000Z{mid=67190.950,zoneLow=67578.250,zoneHigh=68138.950}"
2026-03-01,BTCUSDT,SHORT,DISTRIBUTION,RESOLVED_REACHED,2026-03-01T03:00:48.000Z,2026-03-01T03:06:32.000Z,2026-03-01T03:23:59.000Z,67571.247475,67666.45,67384.55,66036.859,failed_by_timeout,failed_by_timeout,reached,3.522,0.431,805.30,1,8,no,yes,"candidate@2026-03-01T03:00:48.000Z{buyPressure=0.552,askRefillScore=0.502,upMovePct=0.000,absorbScore=0.607,rangeCompression=true} | confirmed@2026-03-01T03:06:32.000Z{cyclesSeen=16.000,ageMin=5.733,defendedPersistenceSec=344.000,oppositeThinning=0.501,voidScore=0.326} | trigger@2026-03-01T03:23:59.000Z{breakPct=0.276,flowMultiplier=1.402,sideFlowOK=true,triggerPrice=67384.550,targetPrice=66036.859} | expire@2026-03-01T16:49:17.042Z{earliestReachedHorizon=24h,targetPrice=66036.859}"
2026-03-01,BTCUSDT,LONG,ACCUMULATION,INVALIDATED,2026-03-01T03:27:09.000Z,2026-03-01T03:49:03.000Z,-,67403.85,67671.1,,,invalidated_before_trigger,invalidated_before_trigger,invalidated_before_trigger,,,,,,,,"candidate@2026-03-01T03:27:09.000Z{sellPressure=0.587,bidRefillScore=0.540,downMovePct=0.000,absorbScore=0.646,rangeCompression=true} | confirmed@2026-03-01T03:49:03.000Z{cyclesSeen=43.000,ageMin=21.900,defendedPersistenceSec=1314.000,oppositeThinning=0.501,voidScore=0.000} | invalidate@2026-03-01T04:17:27.000Z{mid=67054.100,zoneLow=67403.850,zoneHigh=67671.100}"
2026-03-01,BTCUSDT,SHORT,DISTRIBUTION,RESOLVED_REACHED,2026-03-01T03:38:13.000Z,2026-03-01T03:50:46.000Z,2026-03-01T03:57:21.000Z,67441.91217499999,67671.1,67406.65,66058.51699999999,failed_by_timeout,failed_by_timeout,reached,3.554,0.260,771.93,1,8,no,yes,"candidate@2026-03-01T03:38:13.000Z{buyPressure=0.582,askRefillScore=0.503,upMovePct=0.000,absorbScore=0.641,rangeCompression=true} | confirmed@2026-03-01T03:50:46.000Z{cyclesSeen=7.000,ageMin=12.550,defendedPersistenceSec=753.000,oppositeThinning=0.538,voidScore=0.399} | trigger@2026-03-01T03:57:21.000Z{breakPct=0.052,flowMultiplier=1.902,sideFlowOK=true,triggerPrice=67406.650,targetPrice=66058.517} | expire@2026-03-01T16:49:16.972Z{earliestReachedHorizon=24h,targetPrice=66058.517}"
2026-03-01,BTCUSDT,LONG,ACCUMULATION,INVALIDATED,2026-03-01T04:13:14.000Z,2026-03-01T04:35:01.000Z,-,67051.05,67399.95,,,invalidated_before_trigger,invalidated_before_trigger,invalidated_before_trigger,,,,,,,,"candidate@2026-03-01T04:13:14.000Z{sellPressure=0.614,bidRefillScore=0.501,downMovePct=0.000,absorbScore=0.676,rangeCompression=true} | confirmed@2026-03-01T04:35:01.000Z{cyclesSeen=55.000,ageMin=21.783,defendedPersistenceSec=1307.000,oppositeThinning=0.499,voidScore=0.024} | invalidate@2026-03-01T08:51:42.000Z{mid=66707.050,zoneLow=67051.050,zoneHigh=67399.950}"
2026-03-01,BTCUSDT,SHORT,DISTRIBUTION,RESOLVED_REACHED,2026-03-01T04:25:07.000Z,2026-03-01T04:31:34.000Z,2026-03-01T06:06:07.000Z,67143.95,67308.15,67090.35,65748.543,failed_by_timeout,failed_by_timeout,reached,3.099,0.362,671.70,1,8,no,yes,"candidate@2026-03-01T04:25:07.000Z{buyPressure=0.677,askRefillScore=0.501,upMovePct=0.000,absorbScore=0.736,rangeCompression=true} | confirmed@2026-03-01T04:31:34.000Z{cyclesSeen=42.000,ageMin=6.450,defendedPersistenceSec=387.000,oppositeThinning=0.491,voidScore=0.281} | trigger@2026-03-01T06:06:07.000Z{breakPct=0.080,flowMultiplier=1.480,sideFlowOK=true,triggerPrice=67090.350,targetPrice=65748.543} | expire@2026-03-01T17:17:49.132Z{earliestReachedHorizon=24h,targetPrice=65748.543}"
2026-03-01,BTCUSDT,LONG,ACCUMULATION,RESOLVED_FAILED,2026-03-01T04:35:01.000Z,2026-03-01T04:39:42.000Z,2026-03-01T05:21:36.000Z,67249.308525,67375.65,67526.45,68876.97899999999,failed_by_timeout,failed_by_timeout,failed_by_timeout,0.031,3.725,,,,,,"candidate@2026-03-01T04:35:01.000Z{sellPressure=0.550,bidRefillScore=0.498,downMovePct=0.000,absorbScore=0.605,rangeCompression=true} | confirmed@2026-03-01T04:39:42.000Z{cyclesSeen=3.000,ageMin=4.683,defendedPersistenceSec=281.000,oppositeThinning=0.501,voidScore=0.000} | trigger@2026-03-01T05:21:36.000Z{breakPct=0.224,flowMultiplier=1.404,sideFlowOK=true,triggerPrice=67526.450,targetPrice=68876.979} | expire@2026-03-02T05:21:36.000Z{allHorizonsFailed=true,targetPrice=68876.979}"
2026-03-01,BTCUSDT,SHORT,DISTRIBUTION,RESOLVED_REACHED,2026-03-01T04:44:30.000Z,2026-03-01T04:47:34.000Z,2026-03-01T06:06:27.000Z,67336.16507500001,67403.534925,67130.3,65787.694,failed_by_timeout,failed_by_timeout,reached,3.157,0.302,644.27,1,8,no,yes,"candidate@2026-03-01T04:44:30.000Z{buyPressure=0.575,askRefillScore=0.504,upMovePct=0.001,absorbScore=0.616,rangeCompression=true} | confirmed@2026-03-01T04:47:34.000Z{cyclesSeen=32.000,ageMin=3.067,defendedPersistenceSec=184.000,oppositeThinning=0.501,voidScore=0.189} | trigger@2026-03-01T06:06:27.000Z{breakPct=0.306,flowMultiplier=1.426,sideFlowOK=true,triggerPrice=67130.300,targetPrice=65787.694} | expire@2026-03-01T16:50:43.284Z{earliestReachedHorizon=24h,targetPrice=65787.694}"
2026-03-01,BTCUSDT,LONG,ACCUMULATION,RESOLVED_FAILED,2026-03-01T05:04:20.000Z,2026-03-01T05:18:13.000Z,2026-03-01T05:21:17.000Z,67174.75,67450.658475,67490.35,68840.157,failed_by_timeout,failed_by_timeout,failed_by_timeout,0.084,3.674,,,,,,"candidate@2026-03-01T05:04:20.000Z{sellPressure=0.570,bidRefillScore=0.440,downMovePct=0.000,absorbScore=0.627,rangeCompression=true} | confirmed@2026-03-01T05:18:13.000Z{cyclesSeen=41.000,ageMin=13.883,defendedPersistenceSec=833.000,oppositeThinning=0.502,voidScore=0.000} | trigger@2026-03-01T05:21:17.000Z{breakPct=0.059,flowMultiplier=1.460,sideFlowOK=true,triggerPrice=67490.350,targetPrice=68840.157} | expire@2026-03-02T05:21:17.000Z{allHorizonsFailed=true,targetPrice=68840.157}"
2026-03-01,BTCUSDT,LONG,ACCUMULATION,INVALIDATED,2026-03-01T05:30:20.000Z,2026-03-01T05:42:14.000Z,-,67428.85,67526.15,,,invalidated_before_trigger,invalidated_before_trigger,invalidated_before_trigger,,,,,,,,"candidate@2026-03-01T05:30:20.000Z{sellPressure=0.575,bidRefillScore=0.502,downMovePct=0.000,absorbScore=0.630,rangeCompression=true} | confirmed@2026-03-01T05:42:14.000Z{cyclesSeen=3.000,ageMin=11.900,defendedPersistenceSec=714.000,oppositeThinning=0.500,voidScore=0.003} | invalidate@2026-03-01T06:06:07.000Z{mid=67090.350,zoneLow=67428.850,zoneHigh=67526.150}"
2026-03-01,BTCUSDT,LONG,ACCUMULATION,RESOLVED_FAILED,2026-03-01T06:17:16.000Z,2026-03-01T06:22:45.000Z,2026-03-01T07:36:47.000Z,66937.95,67067.567025,67140.05,68482.85100000001,failed_by_timeout,failed_by_timeout,failed_by_timeout,0.287,3.171,,,,,,"candidate@2026-03-01T06:17:16.000Z{sellPressure=0.634,bidRefillScore=0.499,downMovePct=0.000,absorbScore=0.698,rangeCompression=true} | confirmed@2026-03-01T06:22:45.000Z{cyclesSeen=28.000,ageMin=5.483,defendedPersistenceSec=329.000,oppositeThinning=0.499,voidScore=0.281} | trigger@2026-03-01T07:36:47.000Z{breakPct=0.108,flowMultiplier=1.402,sideFlowOK=true,triggerPrice=67140.050,targetPrice=68482.851} | expire@2026-03-02T07:36:47.000Z{allHorizonsFailed=true,targetPrice=68482.851}"
2026-03-01,BTCUSDT,LONG,ACCUMULATION,INVALIDATED,2026-03-01T06:39:11.000Z,2026-03-01T06:42:32.000Z,-,66820.05,66914.75,,,invalidated_before_trigger,invalidated_before_trigger,invalidated_before_trigger,,,,,,,,"candidate@2026-03-01T06:39:11.000Z{sellPressure=0.662,bidRefillScore=0.508,downMovePct=0.001,absorbScore=0.680,rangeCompression=true} | confirmed@2026-03-01T06:42:32.000Z{cyclesSeen=105.000,ageMin=3.350,defendedPersistenceSec=201.000,oppositeThinning=0.498,voidScore=0.264} | invalidate@2026-03-01T08:54:01.000Z{mid=66483.750,zoneLow=66820.050,zoneHigh=66914.750}"
2026-03-01,BTCUSDT,LONG,ACCUMULATION,RESOLVED_FAILED,2026-03-01T07:09:08.000Z,2026-03-01T07:34:09.000Z,2026-03-01T07:35:09.000Z,66766.849875,67049.55,67086.65,68428.383,failed_by_timeout,failed_by_timeout,failed_by_timeout,0.367,3.094,,,,,,"candidate@2026-03-01T07:09:08.000Z{sellPressure=0.583,bidRefillScore=0.500,downMovePct=0.000,absorbScore=0.641,rangeCompression=true} | confirmed@2026-03-01T07:34:09.000Z{cyclesSeen=17.000,ageMin=25.017,defendedPersistenceSec=1501.000,oppositeThinning=0.492,voidScore=0.000} | trigger@2026-03-01T07:35:09.000Z{breakPct=0.055,flowMultiplier=1.620,sideFlowOK=true,triggerPrice=67086.650,targetPrice=68428.383} | expire@2026-03-02T07:35:09.000Z{allHorizonsFailed=true,targetPrice=68428.383}"
2026-03-01,BTCUSDT,SHORT,DISTRIBUTION,RESOLVED_REACHED,2026-03-01T07:41:58.000Z,2026-03-01T07:44:58.000Z,2026-03-01T08:50:19.000Z,67053.35,67159.312875,66885.05,65547.349,failed_by_timeout,failed_by_timeout,reached,2.802,0.670,679.03,1,8,no,yes,"candidate@2026-03-01T07:41:58.000Z{buyPressure=0.639,askRefillScore=0.505,upMovePct=0.000,absorbScore=0.703,rangeCompression=true} | confirmed@2026-03-01T07:44:58.000Z{cyclesSeen=182.000,ageMin=3.000,defendedPersistenceSec=180.000,oppositeThinning=0.503,voidScore=0.098} | trigger@2026-03-01T08:50:19.000Z{breakPct=0.251,flowMultiplier=1.480,sideFlowOK=true,triggerPrice=66885.050,targetPrice=65547.349} | expire@2026-03-01T20:09:21.050Z{earliestReachedHorizon=24h,targetPrice=65547.349}"
2026-03-01,BTCUSDT,LONG,ACCUMULATION,INVALIDATED,2026-03-01T09:04:06.000Z,2026-03-01T09:07:06.000Z,-,66472.05,66667.367025,,,invalidated_before_trigger,invalidated_before_trigger,invalidated_before_trigger,,,,,,,,"candidate@2026-03-01T09:04:06.000Z{sellPressure=0.561,bidRefillScore=0.502,downMovePct=0.000,absorbScore=0.617,rangeCompression=true} | confirmed@2026-03-01T09:07:06.000Z{cyclesSeen=182.000,ageMin=3.000,defendedPersistenceSec=180.000,oppositeThinning=0.498,voidScore=0.266} | invalidate@2026-03-01T13:20:53.000Z{mid=66128.100,zoneLow=66472.050,zoneHigh=66667.367}"
2026-03-01,BTCUSDT,LONG,ACCUMULATION,INVALIDATED,2026-03-01T09:05:31.000Z,2026-03-01T09:09:47.000Z,-,66472.05,66612.35,,,invalidated_before_trigger,invalidated_before_trigger,invalidated_before_trigger,,,,,,,,"candidate@2026-03-01T09:05:31.000Z{sellPressure=0.561,bidRefillScore=0.488,downMovePct=0.000,absorbScore=0.617,rangeCompression=true} | confirmed@2026-03-01T09:09:47.000Z{cyclesSeen=103.000,ageMin=4.267,defendedPersistenceSec=256.000,oppositeThinning=0.507,voidScore=0.457} | invalidate@2026-03-01T13:20:53.000Z{mid=66128.100,zoneLow=66472.050,zoneHigh=66612.350}"
2026-03-01,BTCUSDT,LONG,ACCUMULATION,INVALIDATED,2026-03-01T09:06:47.000Z,2026-03-01T09:09:47.000Z,-,66470.498125,66612.35,,,invalidated_before_trigger,invalidated_before_trigger,invalidated_before_trigger,,,,,,,,"candidate@2026-03-01T09:06:47.000Z{sellPressure=0.557,bidRefillScore=0.497,downMovePct=0.000,absorbScore=0.613,rangeCompression=true} | confirmed@2026-03-01T09:09:47.000Z{cyclesSeen=27.000,ageMin=3.000,defendedPersistenceSec=180.000,oppositeThinning=0.507,voidScore=0.457} | invalidate@2026-03-01T13:20:53.000Z{mid=66128.100,zoneLow=66470.498,zoneHigh=66612.350}"
2026-03-01,BTCUSDT,SHORT,DISTRIBUTION,RESOLVED_REACHED,2026-03-01T09:12:55.000Z,2026-03-01T09:22:08.000Z,2026-03-01T09:33:42.000Z,66525.17077499999,66744.95,66438.85,65110.073000000004,failed_by_timeout,failed_by_timeout,reached,2.149,1.346,658.94,1,8,no,yes,"candidate@2026-03-01T09:12:55.000Z{buyPressure=0.563,askRefillScore=0.501,upMovePct=0.000,absorbScore=0.620,rangeCompression=true} | confirmed@2026-03-01T09:22:08.000Z{cyclesSeen=52.000,ageMin=9.217,defendedPersistenceSec=553.000,oppositeThinning=0.498,voidScore=0.169} | trigger@2026-03-01T09:33:42.000Z{breakPct=0.130,flowMultiplier=1.456,sideFlowOK=true,triggerPrice=66438.850,targetPrice=65110.073} | expire@2026-03-01T20:32:38.239Z{earliestReachedHorizon=24h,targetPrice=65110.073}"
2026-03-01,BTCUSDT,SHORT,DISTRIBUTION,RESOLVED_FAILED,2026-03-01T09:47:02.000Z,2026-03-01T09:55:29.000Z,2026-03-01T13:23:11.000Z,66223.25,66396.75,66188.45,64864.681,failed_by_timeout,failed_by_timeout,failed_by_timeout,1.779,1.729,,,,,,"candidate@2026-03-01T09:47:02.000Z{buyPressure=0.554,askRefillScore=0.501,upMovePct=0.000,absorbScore=0.609,rangeCompression=true} | confirmed@2026-03-01T09:55:29.000Z{cyclesSeen=20.000,ageMin=8.450,defendedPersistenceSec=507.000,oppositeThinning=0.499,voidScore=0.288} | trigger@2026-03-01T13:23:11.000Z{breakPct=0.053,flowMultiplier=1.415,sideFlowOK=true,triggerPrice=66188.450,targetPrice=64864.681} | expire@2026-03-02T13:23:11.000Z{allHorizonsFailed=true,targetPrice=64864.681}"
2026-03-01,BTCUSDT,SHORT,DISTRIBUTION,RESOLVED_FAILED,2026-03-01T09:55:29.000Z,2026-03-01T10:29:49.000Z,2026-03-01T13:21:44.000Z,66210.15,66573.95,66127.15,64804.606999999996,failed_by_timeout,failed_by_timeout,failed_by_timeout,1.688,1.824,,,,,,"candidate@2026-03-01T09:55:29.000Z{buyPressure=0.550,askRefillScore=0.498,upMovePct=0.000,absorbScore=0.605,rangeCompression=true} | confirmed@2026-03-01T10:29:49.000Z{cyclesSeen=29.000,ageMin=34.333,defendedPersistenceSec=2060.000,oppositeThinning=0.502,voidScore=0.001} | trigger@2026-03-01T13:21:44.000Z{breakPct=0.125,flowMultiplier=1.417,sideFlowOK=true,triggerPrice=66127.150,targetPrice=64804.607} | expire@2026-03-02T13:21:44.000Z{allHorizonsFailed=true,targetPrice=64804.607}"
2026-03-01,BTCUSDT,LONG,ACCUMULATION,RESOLVED_FAILED,2026-03-01T10:02:47.000Z,2026-03-01T10:10:18.000Z,2026-03-01T10:35:59.000Z,66210.15,66437.552175,66699.95,68033.949,failed_by_timeout,failed_by_timeout,failed_by_timeout,0.949,2.532,,,,,,"candidate@2026-03-01T10:02:47.000Z{sellPressure=0.559,bidRefillScore=0.502,downMovePct=0.000,absorbScore=0.615,rangeCompression=true} | confirmed@2026-03-01T10:10:18.000Z{cyclesSeen=24.000,ageMin=7.517,defendedPersistenceSec=451.000,oppositeThinning=0.501,voidScore=0.368} | trigger@2026-03-01T10:35:59.000Z{breakPct=0.395,flowMultiplier=1.406,sideFlowOK=true,triggerPrice=66699.950,targetPrice=68033.949} | expire@2026-03-02T10:35:59.000Z{allHorizonsFailed=true,targetPrice=68033.949}"
2026-03-01,BTCUSDT,SHORT,DISTRIBUTION,RESOLVED_REACHED,2026-03-01T10:29:49.000Z,2026-03-01T10:32:49.000Z,2026-03-01T10:40:15.000Z,66466.89992499999,66599.75,66432.35,65103.703,failed_by_timeout,failed_by_timeout,reached,2.140,1.356,592.39,1,8,no,yes,"candidate@2026-03-01T10:29:49.000Z{buyPressure=0.583,askRefillScore=0.501,upMovePct=0.000,absorbScore=0.641,rangeCompression=true} | confirmed@2026-03-01T10:32:49.000Z{cyclesSeen=72.000,ageMin=3.000,defendedPersistenceSec=180.000,oppositeThinning=0.502,voidScore=0.344} | trigger@2026-03-01T10:40:15.000Z{breakPct=0.052,flowMultiplier=3.104,sideFlowOK=true,triggerPrice=66432.350,targetPrice=65103.703} | expire@2026-03-01T20:32:38.240Z{earliestReachedHorizon=24h,targetPrice=65103.703}"
2026-03-01,BTCUSDT,LONG,ACCUMULATION,INVALIDATED,2026-03-01T15:27:14.000Z,2026-03-01T15:34:06.000Z,-,67024.15,67158.85,,,invalidated_before_trigger,invalidated_before_trigger,invalidated_before_trigger,,,,,,,,"candidate@2026-03-01T15:27:14.000Z{sellPressure=0.575,bidRefillScore=0.518,downMovePct=0.000,absorbScore=0.633,rangeCompression=true} | confirmed@2026-03-01T15:34:06.000Z{cyclesSeen=7.000,ageMin=6.867,defendedPersistenceSec=412.000,oppositeThinning=0.509,voidScore=0.223} | invalidate@2026-03-01T16:01:19.000Z{mid=66670.600,zoneLow=67024.150,zoneHigh=67158.850}"
2026-03-01,BTCUSDT,SHORT,DISTRIBUTION,RESOLVED_FAILED,2026-03-01T16:59:50.000Z,2026-03-01T17:03:50.000Z,2026-03-01T17:17:41.000Z,65951.05,66194.05,65844.85,64527.953,failed_by_timeout,failed_by_timeout,failed_by_timeout,1.266,1.584,,,,,,"candidate@2026-03-01T16:59:50.000Z{buyPressure=0.604,askRefillScore=0.490,upMovePct=0.000,absorbScore=0.664,rangeCompression=true} | confirmed@2026-03-01T17:03:50.000Z{cyclesSeen=107.000,ageMin=4.000,defendedPersistenceSec=240.000,oppositeThinning=0.501,voidScore=0.000} | trigger@2026-03-01T17:17:41.000Z{breakPct=0.161,flowMultiplier=1.416,sideFlowOK=true,triggerPrice=65844.850,targetPrice=64527.953} | expire@2026-03-02T17:17:41.000Z{allHorizonsFailed=true,targetPrice=64527.953}"
2026-03-01,BTCUSDT,SHORT,DISTRIBUTION,RESOLVED_FAILED,2026-03-01T17:01:02.000Z,2026-03-01T17:11:16.000Z,2026-03-01T17:17:49.000Z,65951.05,66194.05,65767.05,64451.709,failed_by_timeout,failed_by_timeout,failed_by_timeout,1.150,1.704,,,,,,"candidate@2026-03-01T17:01:02.000Z{buyPressure=0.584,askRefillScore=0.497,upMovePct=0.000,absorbScore=0.643,rangeCompression=true} | confirmed@2026-03-01T17:11:16.000Z{cyclesSeen=58.000,ageMin=10.233,defendedPersistenceSec=614.000,oppositeThinning=0.491,voidScore=0.000} | trigger@2026-03-01T17:17:49.000Z{breakPct=0.279,flowMultiplier=1.550,sideFlowOK=true,triggerPrice=65767.050,targetPrice=64451.709} | expire@2026-03-02T17:17:49.000Z{allHorizonsFailed=true,targetPrice=64451.709}"
2026-03-01,BTCUSDT,LONG,ACCUMULATION,RESOLVED_FAILED,2026-03-01T17:08:48.000Z,2026-03-01T17:22:08.000Z,2026-03-01T18:04:02.000Z,65694.25,66192.05,66337.05,67663.791,failed_by_timeout,failed_by_timeout,failed_by_timeout,0.831,1.999,,,,,,"candidate@2026-03-01T17:08:48.000Z{sellPressure=0.562,bidRefillScore=0.500,downMovePct=0.000,absorbScore=0.618,rangeCompression=true} | confirmed@2026-03-01T17:22:08.000Z{cyclesSeen=10.000,ageMin=13.333,defendedPersistenceSec=800.000,oppositeThinning=0.501,voidScore=0.409} | trigger@2026-03-01T18:04:02.000Z{breakPct=0.219,flowMultiplier=2.434,sideFlowOK=true,triggerPrice=66337.050,targetPrice=67663.791} | expire@2026-03-02T18:04:02.000Z{allHorizonsFailed=true,targetPrice=67663.791}"
2026-03-01,BTCUSDT,SHORT,DISTRIBUTION,INVALIDATED,2026-03-01T17:33:22.000Z,2026-03-01T17:49:52.000Z,-,65895.75,66105.95,,,invalidated_before_trigger,invalidated_before_trigger,invalidated_before_trigger,,,,,,,,"candidate@2026-03-01T17:33:22.000Z{buyPressure=0.575,askRefillScore=0.497,upMovePct=0.000,absorbScore=0.632,rangeCompression=true} | confirmed@2026-03-01T17:49:52.000Z{cyclesSeen=45.000,ageMin=16.500,defendedPersistenceSec=990.000,oppositeThinning=0.504,voidScore=0.047} | invalidate@2026-03-01T18:04:43.000Z{mid=66449.850,zoneLow=65895.750,zoneHigh=66105.950}"
2026-03-01,BTCUSDT,SHORT,DISTRIBUTION,INVALIDATED,2026-03-01T20:08:29.000Z,2026-03-01T20:49:29.000Z,-,65054.649999999994,65828.34772500001,,,invalidated_before_trigger,invalidated_before_trigger,invalidated_before_trigger,,,,,,,,"candidate@2026-03-01T20:08:29.000Z{buyPressure=0.562,askRefillScore=0.479,upMovePct=0.000,absorbScore=0.619,rangeCompression=true} | confirmed@2026-03-01T20:49:29.000Z{cyclesSeen=30.000,ageMin=41.000,defendedPersistenceSec=2460.000,oppositeThinning=0.501,voidScore=0.344} | invalidate@2026-03-01T22:13:09.000Z{mid=66556.750,zoneLow=65054.650,zoneHigh=65828.348}"
2026-03-01,BTCUSDT,SHORT,DISTRIBUTION,INVALIDATED,2026-03-01T20:08:49.000Z,2026-03-01T20:49:29.000Z,-,65054.649999999994,65777.822475,,,invalidated_before_trigger,invalidated_before_trigger,invalidated_before_trigger,,,,,,,,"candidate@2026-03-01T20:08:49.000Z{buyPressure=0.562,askRefillScore=0.491,upMovePct=0.000,absorbScore=0.618,rangeCompression=true} | confirmed@2026-03-01T20:49:29.000Z{cyclesSeen=10.000,ageMin=40.667,defendedPersistenceSec=2440.000,oppositeThinning=0.501,voidScore=0.344} | invalidate@2026-03-01T22:13:09.000Z{mid=66556.750,zoneLow=65054.650,zoneHigh=65777.822}"
2026-03-01,BTCUSDT,LONG,ACCUMULATION,RESOLVED_FAILED,2026-03-01T20:16:04.000Z,2026-03-01T20:38:03.000Z,2026-03-01T22:13:10.000Z,65054.649999999994,65565.65,66216.5,67540.83,failed_by_timeout,failed_by_timeout,failed_by_timeout,0.418,1.821,,,,,,"candidate@2026-03-01T20:16:04.000Z{sellPressure=0.550,bidRefillScore=0.503,downMovePct=0.000,absorbScore=0.605,rangeCompression=true} | confirmed@2026-03-01T20:38:03.000Z{cyclesSeen=86.000,ageMin=21.983,defendedPersistenceSec=1319.000,oppositeThinning=0.501,voidScore=0.401} | trigger@2026-03-01T22:13:10.000Z{breakPct=0.993,flowMultiplier=1.489,sideFlowOK=true,triggerPrice=66216.500,targetPrice=67540.830} | expire@2026-03-02T22:13:10.000Z{allHorizonsFailed=true,targetPrice=67540.830}"
2026-03-01,BTCUSDT,LONG,ACCUMULATION,RESOLVED_FAILED,2026-03-01T20:17:51.000Z,2026-03-01T20:38:03.000Z,2026-03-01T22:13:09.000Z,65054.649999999994,65518.850000000006,66556.75,67887.885,failed_by_timeout,failed_by_timeout,failed_by_timeout,0.498,2.322,,,,,,"candidate@2026-03-01T20:17:51.000Z{sellPressure=0.558,bidRefillScore=0.505,downMovePct=0.000,absorbScore=0.614,rangeCompression=true} | confirmed@2026-03-01T20:38:03.000Z{cyclesSeen=28.000,ageMin=20.200,defendedPersistenceSec=1212.000,oppositeThinning=0.501,voidScore=0.401} | trigger@2026-03-01T22:13:09.000Z{breakPct=1.584,flowMultiplier=1.785,sideFlowOK=true,triggerPrice=66556.750,targetPrice=67887.885} | expire@2026-03-02T22:13:09.000Z{allHorizonsFailed=true,targetPrice=67887.885}"
2026-03-01,BTCUSDT,LONG,ACCUMULATION,RESOLVED_FAILED,2026-03-01T20:38:03.000Z,2026-03-01T21:02:53.000Z,2026-03-01T22:13:09.000Z,65075.05,65352.45,66556.75,67887.885,failed_by_timeout,failed_by_timeout,failed_by_timeout,0.498,2.322,,,,,,"candidate@2026-03-01T20:38:03.000Z{sellPressure=0.576,bidRefillScore=0.504,downMovePct=0.000,absorbScore=0.633,rangeCompression=true} | confirmed@2026-03-01T21:02:53.000Z{cyclesSeen=71.000,ageMin=24.833,defendedPersistenceSec=1490.000,oppositeThinning=0.510,voidScore=0.326} | trigger@2026-03-01T22:13:09.000Z{breakPct=1.843,flowMultiplier=1.859,sideFlowOK=true,triggerPrice=66556.750,targetPrice=67887.885} | expire@2026-03-02T22:13:09.000Z{allHorizonsFailed=true,targetPrice=67887.885}"
2026-03-01,BTCUSDT,SHORT,DISTRIBUTION,INVALIDATED,2026-03-01T20:49:29.000Z,2026-03-01T20:56:04.000Z,-,65128.669375,65352.45,,,invalidated_before_trigger,invalidated_before_trigger,invalidated_before_trigger,,,,,,,,"candidate@2026-03-01T20:49:29.000Z{buyPressure=0.615,askRefillScore=0.501,upMovePct=0.000,absorbScore=0.676,rangeCompression=true} | confirmed@2026-03-01T20:56:04.000Z{cyclesSeen=82.000,ageMin=6.583,defendedPersistenceSec=395.000,oppositeThinning=0.499,voidScore=0.263} | invalidate@2026-03-01T21:57:09.000Z{mid=65679.850,zoneLow=65128.669,zoneHigh=65352.450}"
2026-03-01,BTCUSDT,LONG,ACCUMULATION,RESOLVED_FAILED,2026-03-01T22:02:57.000Z,2026-03-01T22:05:57.000Z,2026-03-01T22:13:08.000Z,65627.120025,65739.55,65840.75,67157.565,failed_by_timeout,failed_by_timeout,failed_by_timeout,1.591,1.260,,,,,,"candidate@2026-03-01T22:02:57.000Z{sellPressure=0.582,bidRefillScore=0.507,downMovePct=0.000,absorbScore=0.633,rangeCompression=true} | confirmed@2026-03-01T22:05:57.000Z{cyclesSeen=131.000,ageMin=3.000,defendedPersistenceSec=180.000,oppositeThinning=0.500,voidScore=0.207} | trigger@2026-03-01T22:13:08.000Z{breakPct=0.154,flowMultiplier=2.841,sideFlowOK=true,triggerPrice=65840.750,targetPrice=67157.565} | expire@2026-03-02T22:13:08.000Z{allHorizonsFailed=true,targetPrice=67157.565}"
2026-03-01,BTCUSDT,SHORT,DISTRIBUTION,RESOLVED_FAILED,2026-03-01T22:29:18.000Z,2026-03-01T22:32:29.000Z,2026-03-01T22:35:08.000Z,65732.45,65920.45,65264.45,63959.16099999999,failed_by_timeout,failed_by_timeout,failed_by_timeout,0.388,1.208,,,,,,"candidate@2026-03-01T22:29:18.000Z{buyPressure=0.620,askRefillScore=0.496,upMovePct=0.000,absorbScore=0.682,rangeCompression=true} | confirmed@2026-03-01T22:32:29.000Z{cyclesSeen=127.000,ageMin=3.183,defendedPersistenceSec=191.000,oppositeThinning=0.502,voidScore=0.158} | trigger@2026-03-01T22:35:08.000Z{breakPct=0.712,flowMultiplier=1.404,sideFlowOK=true,triggerPrice=65264.450,targetPrice=63959.161} | expire@2026-03-02T22:35:08.000Z{allHorizonsFailed=true,targetPrice=63959.161}"
2026-03-01,BTCUSDT,SHORT,DISTRIBUTION,NO_TRIGGER,2026-03-01T22:51:50.000Z,2026-03-01T23:17:00.000Z,-,65100.5,66052.55,,,no_trigger,no_trigger,no_trigger,,,,,,,,"candidate@2026-03-01T22:51:50.000Z{buyPressure=0.562,askRefillScore=0.501,upMovePct=0.000,absorbScore=0.618,rangeCompression=true} | confirmed@2026-03-01T23:17:00.000Z{cyclesSeen=14.000,ageMin=25.167,defendedPersistenceSec=1510.000,oppositeThinning=0.501,voidScore=0.239} | expire@2026-03-01T23:59:59.988Z{reason=End of replay; no trigger seen}"
