zone_id,date,direction,class_label,triggerPrice,fixed_24h_result,fixed_24h_pnl_pct,nostop_24h_result,nostop_24h_pnl_pct
BTCUSDT-SHORT-1779015183000-2,2026-05-17,SHORT,failed_triggered,78340.15,TIMEOUT,0.0,EXIT_AT_HORIZON,1.1614095709543464
BTCUSDT-LONG-1779016874000-4,2026-05-17,LONG,failed_triggered,78501.15,STOPPED_LOSS,-1.0,EXIT_AT_HORIZON,-1.3641201434628554
BTCUSDT-LONG-1779015977000-3,2026-05-17,LONG,failed_triggered,78512.25,STOPPED_LOSS,-1.0,EXIT_AT_HORIZON,-1.3780652063849872
BTCUSDT-SHORT-1779017287000-5,2026-05-17,SHORT,failed_triggered,78221.05,TIMEOUT,0.0,EXIT_AT_HORIZON,1.0109171380338158
BTCUSDT-SHORT-1779024730000-7,2026-05-17,SHORT,failed_triggered,78125.35,TIMEOUT,0.0,EXIT_AT_HORIZON,0.8896600143231395
BTCUSDT-LONG-1779014697000-1,2026-05-17,LONG,invalidated_or_expired,78440.05,UNKNOWN,,UNKNOWN,
BTCUSDT-LONG-1779027655000-10,2026-05-17,LONG,invalidated_or_expired,77927.875,UNKNOWN,,UNKNOWN,
BTCUSDT-SHORT-1779035421000-12,2026-05-17,SHORT,failed_triggered,77894.5,TIMEOUT,0.0,EXIT_AT_HORIZON,0.5959342443946583
BTCUSDT-LONG-1779037592000-13,2026-05-17,LONG,failed_triggered,78209.65,STOPPED_LOSS,-1.0,EXIT_AT_HORIZON,-0.9964882850134112
BTCUSDT-SHORT-1779037981000-14,2026-05-17,SHORT,invalidated_or_expired,77880.75,UNKNOWN,,UNKNOWN,
BTCUSDT-LONG-1779026419000-8,2026-05-17,LONG,failed_triggered,78346.95,STOPPED_LOSS,-1.0,EXIT_AT_HORIZON,-1.1699881105773666
BTCUSDT-SHORT-1779027927000-11,2026-05-17,SHORT,invalidated_or_expired,77931.36924999999,UNKNOWN,,UNKNOWN,
BTCUSDT-LONG-1779027124000-9,2026-05-17,LONG,failed_triggered,78258.15,STOPPED_LOSS,-1.0,EXIT_AT_HORIZON,-1.0578450934503196
BTCUSDT-SHORT-1779041325000-15,2026-05-17,SHORT,failed_triggered,77969.45,TIMEOUT,0.0,EXIT_AT_HORIZON,0.6914887818241557
BTCUSDT-SHORT-1779056622000-16,2026-05-17,SHORT,failed_triggered,77795.9,TIMEOUT,0.0,EXIT_AT_HORIZON,0.46994764505583364
BTCUSDT-LONG-1779023985000-6,2026-05-17,LONG,invalidated_or_expired,78222.45,UNKNOWN,,UNKNOWN,
BTCUSDT-SHORT-1779060364000-18,2026-05-17,SHORT,failed_triggered,77627.05,TIMEOUT,0.0,EXIT_AT_HORIZON,0.2534554643001376
BTCUSDT-LONG-1779059574000-17,2026-05-17,LONG,invalidated_or_expired,77744.7026375,UNKNOWN,,UNKNOWN,
BTCUSDT-SHORT-1779060973000-19,2026-05-17,SHORT,no_trigger,77383.95,UNKNOWN,,UNKNOWN,
BTCUSDT-SHORT-1779061938000-20,2026-05-17,SHORT,no_trigger,77106.8562,UNKNOWN,,UNKNOWN,
BTCUSDT-SHORT-1779062431000-1,2026-05-18,SHORT,failed_triggered,77008.2,TIMEOUT,0.0,EXIT_AT_HORIZON,0.056487490942523005
BTCUSDT-SHORT-1779067611000-5,2026-05-18,SHORT,failed_triggered,76783.75,STOPPED_LOSS,-1.0,EXIT_AT_HORIZON,-0.23566184251224653
BTCUSDT-LONG-1779064698000-4,2026-05-18,LONG,failed_triggered,77098.95,STOPPED_LOSS,-1.0,EXIT_AT_HORIZON,-0.1741268849964883
BTCUSDT-LONG-1779069774000-8,2026-05-18,LONG,invalidated_or_expired,77104.6753875,UNKNOWN,,UNKNOWN,
BTCUSDT-SHORT-1779067908000-6,2026-05-18,SHORT,failed_triggered,76569.65,STOPPED_LOSS,-1.0,EXIT_AT_HORIZON,-0.5159354914120712
BTCUSDT-SHORT-1779063254000-3,2026-05-18,SHORT,failed_triggered,76591.20000000001,STOPPED_LOSS,-1.0,EXIT_AT_HORIZON,-0.4876539341334062
BTCUSDT-SHORT-1779063098000-2,2026-05-18,SHORT,failed_triggered,76610.05,STOPPED_LOSS,-1.0,EXIT_AT_HORIZON,-0.4629288193911819
BTCUSDT-LONG-1779068145000-7,2026-05-18,LONG,failed_triggered,77283.45,STOPPED_LOSS,-1.0,EXIT_AT_HORIZON,-0.4124427675006745
BTCUSDT-SHORT-1779106047000-9,2026-05-18,SHORT,failed_triggered,77267.79999999999,TIMEOUT,0.0,EXIT_AT_HORIZON,0.392272071936811
BTCUSDT-LONG-1779108970000-12,2026-05-18,LONG,invalidated_or_expired,77523.39698749999,UNKNOWN,,UNKNOWN,
BTCUSDT-LONG-1779107630000-11,2026-05-18,LONG,invalidated_or_expired,77534.8108875,UNKNOWN,,UNKNOWN,
BTCUSDT-LONG-1779107539000-10,2026-05-18,LONG,invalidated_or_expired,77505.3756125,UNKNOWN,,UNKNOWN,
BTCUSDT-LONG-1779111322000-13,2026-05-18,LONG,invalidated_or_expired,76923.73713750001,UNKNOWN,,UNKNOWN,
BTCUSDT-SHORT-1779114558000-14,2026-05-18,SHORT,failed_triggered,76170.45,STOPPED_LOSS,-1.0,EXIT_AT_HORIZON,-1.0427271993272984
BTCUSDT-SHORT-1779115478000-16,2026-05-18,SHORT,failed_triggered,76089.75,STOPPED_LOSS,-1.0,EXIT_AT_HORIZON,-1.1498920682483478
BTCUSDT-SHORT-1779116978000-17,2026-05-18,SHORT,invalidated_or_expired,76173.05,UNKNOWN,,UNKNOWN,
BTCUSDT-LONG-1779125594000-20,2026-05-18,LONG,failed_triggered,76704.95,TIMEOUT,0.0,EXIT_AT_HORIZON,0.33863525104963893
BTCUSDT-SHORT-1779118180000-18,2026-05-18,SHORT,invalidated_or_expired,76173.5,UNKNOWN,,UNKNOWN,
BTCUSDT-LONG-1779118453000-19,2026-05-18,LONG,failed_triggered,76717.55,TIMEOUT,0.0,EXIT_AT_HORIZON,0.322155751845561
BTCUSDT-SHORT-1779128835000-21,2026-05-18,SHORT,invalidated_or_expired,76256.25,UNKNOWN,,UNKNOWN,
BTCUSDT-SHORT-1779128840000-22,2026-05-18,SHORT,invalidated_or_expired,76244.6669125,UNKNOWN,,UNKNOWN,
BTCUSDT-LONG-1779132063000-23,2026-05-18,LONG,failed_triggered,76895.45,TIMEOUT,0.0,EXIT_AT_HORIZON,0.09005734409513176
BTCUSDT-LONG-1779115100000-15,2026-05-18,LONG,no_trigger,76602.15,UNKNOWN,,UNKNOWN,
BTCUSDT-LONG-1779136616000-24,2026-05-18,LONG,no_trigger,76970.45,UNKNOWN,,UNKNOWN,
BTCUSDT-SHORT-1779149821000-2,2026-05-19,SHORT,failed_triggered,76720.25,TIMEOUT,0.0,EXIT_AT_HORIZON,-0.0989960277762352
BTCUSDT-SHORT-1779148846000-1,2026-05-19,SHORT,failed_triggered,76670.45,TIMEOUT,0.0,EXIT_AT_HORIZON,-0.16401364541358504
BTCUSDT-SHORT-1779150050000-3,2026-05-19,SHORT,failed_triggered,76604.65,TIMEOUT,0.0,EXIT_AT_HORIZON,-0.25005009487022384
BTCUSDT-SHORT-1779154395000-5,2026-05-19,SHORT,failed_triggered,76457.65,STOPPED_LOSS,-1.0,EXIT_AT_HORIZON,-0.4427941481329899
BTCUSDT-LONG-1779158481000-7,2026-05-19,LONG,failed_triggered,76898.95,STOPPED_LOSS,-1.0,EXIT_AT_HORIZON,-0.13361690894349013
BTCUSDT-SHORT-1779154267000-4,2026-05-19,SHORT,invalidated_or_expired,76616.20055,UNKNOWN,,UNKNOWN,
BTCUSDT-SHORT-1779174857000-9,2026-05-19,SHORT,failed_triggered,76972.75,TIMEOUT,0.0,EXIT_AT_HORIZON,0.22936688633315416
BTCUSDT-SHORT-1779172021000-8,2026-05-19,SHORT,failed_triggered,76888.05,TIMEOUT,0.0,EXIT_AT_HORIZON,0.11945939583590144
BTCUSDT-LONG-1779177003000-11,2026-05-19,LONG,invalidated_or_expired,77215.95,UNKNOWN,,UNKNOWN,
BTCUSDT-LONG-1779175695000-10,2026-05-19,LONG,invalidated_or_expired,77109.55,UNKNOWN,,UNKNOWN,
BTCUSDT-LONG-1779181472000-12,2026-05-19,LONG,invalidated_or_expired,77011.65,UNKNOWN,,UNKNOWN,
BTCUSDT-LONG-1779156486000-6,2026-05-19,LONG,failed_triggered,77009.95,STOPPED_LOSS,-1.0,EXIT_AT_HORIZON,-0.2775615358794546
BTCUSDT-SHORT-1779197522000-13,2026-05-19,SHORT,failed_triggered,76495.15,TIMEOUT,0.0,EXIT_AT_HORIZON,-0.39355436259684823
BTCUSDT-LONG-1779203441000-18,2026-05-19,LONG,failed_triggered,76619.15,TIMEOUT,0.0,EXIT_AT_HORIZON,0.23107800073480705
BTCUSDT-SHORT-1779201032000-14,2026-05-19,SHORT,invalidated_or_expired,76335.5,UNKNOWN,,UNKNOWN,
BTCUSDT-SHORT-1779201108000-15,2026-05-19,SHORT,invalidated_or_expired,76335.5,UNKNOWN,,UNKNOWN,
BTCUSDT-SHORT-1779202421000-17,2026-05-19,SHORT,invalidated_or_expired,76396.9036125,UNKNOWN,,UNKNOWN,
BTCUSDT-LONG-1779201490000-16,2026-05-19,LONG,no_trigger,76576.65,UNKNOWN,,UNKNOWN,
BTCUSDT-SHORT-1779235367000-1,2026-05-20,SHORT,failed_triggered,76562.65,STOPPED_LOSS,-1.0,EXIT_AT_HORIZON,-1.2438832772899133
BTCUSDT-SHORT-1779236353000-3,2026-05-20,SHORT,invalidated_or_expired,76503.04999999999,UNKNOWN,,UNKNOWN,
BTCUSDT-SHORT-1779235570000-2,2026-05-20,SHORT,invalidated_or_expired,76551.27248749998,UNKNOWN,,UNKNOWN,
BTCUSDT-SHORT-1779261829000-7,2026-05-20,SHORT,failed_triggered,76848.15,STOPPED_LOSS,-1.0,EXIT_AT_HORIZON,-0.8677502321135979
BTCUSDT-SHORT-1779281813000-9,2026-05-20,SHORT,failed_triggered,76848.95,STOPPED_LOSS,-1.0,EXIT_AT_HORIZON,-0.8667001956435357
BTCUSDT-SHORT-1779255181000-6,2026-05-20,SHORT,failed_triggered,76748.65,STOPPED_LOSS,-1.0,EXIT_AT_HORIZON,-0.9985191921942678
BTCUSDT-SHORT-1779266372000-8,2026-05-20,SHORT,failed_triggered,76736.65,STOPPED_LOSS,-1.0,EXIT_AT_HORIZON,-1.0143132388500227
BTCUSDT-SHORT-1779253868000-5,2026-05-20,SHORT,failed_triggered,76698.4,STOPPED_LOSS,-1.0,EXIT_AT_HORIZON,-1.064689745809568
BTCUSDT-SHORT-1779253745000-4,2026-05-20,SHORT,no_trigger,76870.45,UNKNOWN,,UNKNOWN,
