feature,good_mean,bad_mean,wrong_mean,d_good_vs_bad,d_long,d_short,d_h1,d_h2,good_n,bad_n
dl2_supportive_add_vol_60m,29673861.9679,38620145.1375,40469719.1722,-0.4456,-0.4468,-0.4421,-0.404,-0.5291,123,774
dl2_supportive_cancel_vol_60m,29670692.1683,38617416.1913,40466378.5116,-0.4456,-0.4468,-0.4421,-0.404,-0.5291,123,774
dl2_add_vol_ask_60m,29292093.7867,38189901.6084,39838103.8827,-0.4399,-0.4342,-0.4421,-0.4135,-0.4983,123,774
dl2_cancel_vol_ask_60m,29289443.9098,38187763.2087,39835553.8896,-0.4399,-0.4342,-0.4421,-0.4134,-0.4983,123,774
dl2_add_vol_bid_60m,30019947.9598,38453520.5335,40740948.805,-0.4261,-0.4468,-0.4012,-0.3792,-0.5152,123,774
dl2_cancel_vol_bid_60m,30017440.6273,38451847.2538,40739455.0355,-0.4261,-0.4468,-0.4012,-0.3793,-0.5152,123,774
dl2_opposing_add_vol_60m,29638179.7786,38023277.0044,40109333.5155,-0.4205,-0.4342,-0.4012,-0.3891,-0.4842,123,774
dl2_opposing_cancel_vol_60m,29636192.3688,38022194.2712,40108630.4135,-0.4205,-0.4342,-0.4012,-0.3892,-0.4842,123,774
dl2_supportive_add_vol_30m,16387074.2298,20507267.3915,21358183.2553,-0.4049,-0.3642,-0.4443,-0.3278,-0.5402,123,774
dl2_supportive_cancel_vol_30m,16384813.6805,20505563.1236,21356501.9337,-0.4049,-0.3642,-0.4443,-0.3279,-0.5403,123,774
dl2_add_vol_ask_30m,16190064.7533,20258319.0917,20962904.5865,-0.3966,-0.3471,-0.4443,-0.344,-0.498,123,774
dl2_cancel_vol_ask_30m,16188438.4811,20257284.7218,20961730.1043,-0.3966,-0.3471,-0.4443,-0.3441,-0.498,123,774
dl2_supportive_add_vol_5m_vs_avg5m_ratio,1.7352,1.2809,1.2418,0.3942,0.4157,0.3698,0.3515,0.4558,123,774
dl2_supportive_large_cancel_60m,365669.5935,446201.4729,475366.1007,-0.3893,-0.4116,-0.3633,-0.3466,-0.4872,123,774
dl2_add_vol_bid_30m,16552741.8315,20431206.1238,21430916.7486,-0.3868,-0.3642,-0.4078,-0.3046,-0.5297,123,774
dl2_cancel_vol_bid_30m,16551232.5415,20430400.0085,21430630.7237,-0.3868,-0.3642,-0.4079,-0.3047,-0.5297,123,774
dl2_supportive_large_add_60m,350926.6585,426126.7209,454276.964,-0.3854,-0.4099,-0.3568,-0.3427,-0.484,123,774
dl2_n_large_cancel_ask_60m,361912.3577,439952.9186,471702.4604,-0.3804,-0.3926,-0.3633,-0.3429,-0.4597,123,774
dl2_opposing_add_vol_30m,16355732.3549,20182257.824,21035638.0799,-0.3786,-0.3471,-0.4078,-0.3214,-0.487,123,774
dl2_opposing_cancel_vol_30m,16354857.3421,20182121.6067,21035858.8942,-0.3786,-0.3471,-0.4079,-0.3214,-0.487,123,774
dl2_n_large_add_ask_60m,347425.9919,420090.4419,451421.1367,-0.3765,-0.391,-0.3568,-0.338,-0.4576,123,774
dl2_n_cancel_ask_60m,1162210.9512,1414553.624,1521066.2014,-0.376,-0.3795,-0.37,-0.3752,-0.4531,123,774
dl2_n_cancel_bid_60m,1172279.2602,1425155.1344,1539920.9496,-0.3757,-0.3929,-0.3557,-0.3728,-0.4595,123,774
dl2_n_add_bid_60m,1159479.2927,1407706.0168,1521988.8705,-0.3733,-0.3895,-0.3544,-0.3697,-0.4613,123,774
dl2_n_large_cancel_bid_60m,368358.2114,445518.3165,480583.0432,-0.372,-0.4116,-0.3273,-0.3268,-0.4751,123,774
dl2_n_add_ask_60m,1152605.4797,1398402.4871,1504814.9137,-0.3713,-0.3754,-0.3645,-0.3717,-0.4504,123,774
dl2_n_large_add_bid_60m,353000.6585,425834.5879,459094.5036,-0.3713,-0.4099,-0.3277,-0.3221,-0.4812,123,774
dl2_supportive_cancel_vol_15m,8664893.8978,10560376.7539,11097802.7523,-0.3647,-0.261,-0.4624,-0.2628,-0.528,123,774
dl2_supportive_add_vol_15m,8666558.4185,10561395.3904,11098899.9803,-0.3646,-0.2609,-0.4622,-0.2628,-0.5277,123,774
dl2_opposing_large_cancel_60m,364600.9756,439269.7623,476919.4029,-0.363,-0.3926,-0.3273,-0.3229,-0.4478,123,774
dl2_opposing_large_add_60m,349499.9919,419798.3088,456238.6763,-0.3623,-0.391,-0.3277,-0.317,-0.455,123,774
dl2_cancel_vol_ask_15m,8578318.4507,10434886.6735,10927676.5876,-0.3541,-0.2397,-0.4624,-0.2768,-0.4854,123,774
dl2_add_vol_ask_15m,8579367.2954,10435342.196,10927989.8244,-0.354,-0.2396,-0.4622,-0.2768,-0.4852,123,774
dl2_cancel_vol_bid_15m,8754276.6448,10561879.2246,11157473.7047,-0.3528,-0.261,-0.4404,-0.2531,-0.5206,123,774
dl2_add_vol_bid_15m,8755359.2949,10562090.3761,11157491.7294,-0.3527,-0.2609,-0.4402,-0.2531,-0.5203,123,774
dl2_inband_supp_cancel_15m,8281544.8103,9946512.8012,10468185.6994,-0.3459,-0.2477,-0.4351,-0.2424,-0.5122,123,774
dl2_inband_supp_add_15m,8283967.2812,9948613.1017,10470114.5143,-0.3458,-0.2476,-0.435,-0.2424,-0.5118,123,774
dl2_inband_add_vol_30m,29169301.2256,34912700.8995,36836371.288,-0.345,-0.334,-0.3537,-0.2244,-0.5395,123,774
dl2_inband_cancel_vol_30m,29160971.8528,34903378.7651,36827280.0536,-0.345,-0.334,-0.3537,-0.2244,-0.5394,123,774
dl2_microprice_aligned_delta_60m_bps,-3.8377,18.417,-6.677,-0.3442,-0.0352,-0.6787,-0.2693,-0.4632,92,688
dl2_inband_cancel_vol_15m,16550159.2124,19814062.8598,20836594.3486,-0.3428,-0.2441,-0.433,-0.2538,-0.4945,123,774
dl2_inband_add_vol_15m,16553821.8858,19816934.4013,20838811.2118,-0.3427,-0.244,-0.4329,-0.2538,-0.4942,123,774
dl2_inband_opp_add_30m,14562932.9936,17454824.9464,18261964.7655,-0.3427,-0.3337,-0.3483,-0.2404,-0.5108,123,774
dl2_inband_opp_cancel_30m,14559555.3854,17451087.4479,18258237.8107,-0.3427,-0.3337,-0.3482,-0.2404,-0.5106,123,774
dl2_opposing_cancel_vol_15m,8667701.1976,10436389.1442,10987347.5401,-0.3421,-0.2397,-0.4404,-0.2672,-0.4766,123,774
dl2_opposing_add_vol_15m,8668168.1718,10436037.1818,10986581.5735,-0.342,-0.2396,-0.4402,-0.2671,-0.4764,123,774
dl2_inband_supp_add_30m,14606368.232,17457875.953,18574406.5225,-0.3415,-0.3288,-0.3534,-0.2053,-0.5563,123,774
dl2_inband_supp_cancel_30m,14601416.4673,17452291.3172,18569042.2429,-0.3415,-0.3287,-0.3533,-0.2053,-0.5562,123,774
dl2_inband_opp_add_60m,21757971.1721,26590059.3453,28129698.6861,-0.3337,-0.431,-0.2393,-0.3287,-0.3582,123,774
dl2_inband_opp_cancel_60m,21751161.3133,26583377.1796,28122925.9613,-0.3336,-0.4309,-0.2393,-0.3287,-0.3582,123,774
dl2_inband_opp_cancel_15m,8268614.402,9867550.0586,10368408.6492,-0.3329,-0.2356,-0.4226,-0.2613,-0.4629,123,774
dl2_inband_opp_add_15m,8269854.6046,9868321.2997,10368696.6975,-0.3328,-0.2355,-0.4225,-0.2612,-0.4627,123,774
dl2_inband_add_vol_60m,43539279.9154,52999094.42,56844668.4751,-0.3273,-0.4238,-0.2374,-0.314,-0.3688,123,774
dl2_inband_cancel_vol_60m,43524557.1383,52983974.3842,56828900.7901,-0.3272,-0.4237,-0.2374,-0.3139,-0.3687,123,774
dl2_supportive_large_cancel_30m,202747.3984,235681.0969,248422.8058,-0.325,-0.3019,-0.3466,-0.2427,-0.4837,123,774
dl2_supportive_large_add_30m,194687.4065,225020.6034,237302.3885,-0.3182,-0.2978,-0.337,-0.2358,-0.4789,123,774
dl2_inband_supp_add_60m,21781308.7432,26409035.0746,28714969.789,-0.3164,-0.4105,-0.2324,-0.296,-0.3727,123,774
dl2_inband_supp_cancel_60m,21773395.825,26400597.2045,28705974.8287,-0.3163,-0.4105,-0.2324,-0.2959,-0.3727,123,774
dl2_n_cancel_bid_30m,648913.1789,752166.8372,803198.2158,-0.3135,-0.2928,-0.3333,-0.2752,-0.4584,123,774
dl2_n_large_cancel_ask_30m,200681.8618,232235.9897,246176.2086,-0.3134,-0.2766,-0.3466,-0.2417,-0.4477,123,774
dl2_n_cancel_ask_30m,643416.6585,745832.6382,791709.9496,-0.3128,-0.2786,-0.3451,-0.2789,-0.4467,123,774
dl2_n_large_cancel_bid_30m,203818.878,235395.5491,250577.3741,-0.3102,-0.3019,-0.3161,-0.2304,-0.4674,123,774
dl2_n_add_bid_30m,642040.0732,742883.7339,793588.9065,-0.3101,-0.2893,-0.33,-0.2711,-0.4595,123,774
dl2_microprice_delta_60m_bps,14.3981,-6.0918,7.5859,0.3081,-0.0352,0.6787,0.1701,0.4587,92,688
dl2_n_large_add_ask_30m,192598.5122,221686.8424,235546.4676,-0.3079,-0.2752,-0.337,-0.2343,-0.4458,123,774
dl2_n_large_add_bid_30m,195446.9024,224908.6085,239423.4532,-0.3071,-0.2978,-0.3141,-0.2239,-0.4708,123,774
dl2_n_add_ask_30m,638285.9268,737272.2687,783065.9496,-0.3067,-0.274,-0.3376,-0.2734,-0.4442,123,774
dl2_opposing_large_cancel_30m,201753.3415,231950.4419,248330.777,-0.2985,-0.2766,-0.3161,-0.2293,-0.4317,123,774
dl2_opposing_large_add_30m,193358.0081,221574.8475,237667.5324,-0.2968,-0.2752,-0.3141,-0.2221,-0.4381,123,774
dl2_microprice_aligned_delta_30m_bps,-1.7817,10.4014,-2.7377,-0.2965,-0.0957,-0.4837,-0.2837,-0.3072,104,734
dl2_supportive_large_cancel_15m,107654.9919,121521.8243,127814.0432,-0.2699,-0.1821,-0.3549,-0.164,-0.4622,123,774
dl2_n_cancel_bid_15m,344471.6748,388412.5258,415146.9137,-0.2639,-0.18,-0.3454,-0.2044,-0.4412,123,774
dl2_supportive_large_add_15m,103359.7317,116081.7248,122141.2806,-0.2635,-0.1773,-0.3476,-0.1574,-0.4596,123,774
dl2_n_large_cancel_bid_15m,108166.3496,121632.3372,129023.9209,-0.2614,-0.1821,-0.3372,-0.1621,-0.4515,123,774
dl2_n_add_bid_15m,340809.8374,383609.0194,410275.3885,-0.2605,-0.1764,-0.3423,-0.1997,-0.4433,123,774
dl2_inband_supp_add_5m,2785921.9379,3235652.2619,3624791.7578,-0.2597,-0.1845,-0.3247,-0.2074,-0.3653,123,774
dl2_inband_supp_cancel_5m,2784428.2186,3234158.1952,3623198.8995,-0.2597,-0.1845,-0.3247,-0.2074,-0.3654,123,774
dl2_top1_supportive_persistence_ge_50_5m_sec,268.7561,250.8837,246.4388,0.2571,0.1951,0.3172,0.3453,0.2126,123,774
dl2_n_cancel_ask_15m,342229.065,384673.6137,409261.1223,-0.257,-0.1622,-0.3475,-0.1999,-0.4232,123,774
dl2_n_large_add_bid_15m,103759.4797,116195.3243,123310.0576,-0.2567,-0.1773,-0.3331,-0.1536,-0.4546,123,774
dl2_inband_cancel_vol_5m,5584062.9234,6476511.9618,7236309.1693,-0.2564,-0.1705,-0.33,-0.2179,-0.3443,123,774
dl2_inband_add_vol_5m,5584823.4553,6476620.2704,7236094.0506,-0.2562,-0.1704,-0.3298,-0.2177,-0.3442,123,774
dl2_add_vol_bid_5m,3124772.729,3622057.5088,4049888.7901,-0.2539,-0.167,-0.3276,-0.192,-0.3764,123,774
dl2_cancel_vol_bid_5m,3125268.7102,3621854.1818,4049738.0773,-0.2536,-0.1669,-0.3269,-0.1916,-0.3761,123,774
dl2_supportive_add_vol_5m,3095856.265,3585655.627,4002997.6942,-0.2518,-0.167,-0.3252,-0.1835,-0.3737,123,774
dl2_supportive_cancel_vol_5m,3094909.6141,3584669.5758,4001820.5009,-0.2518,-0.1669,-0.3252,-0.1833,-0.3738,123,774
dl2_n_add_ask_15m,339396.2358,380263.4987,404746.2374,-0.2512,-0.1571,-0.3414,-0.194,-0.4223,123,774
dl2_n_large_cancel_ask_15m,106895.0325,119612.6034,126940.3885,-0.2489,-0.1365,-0.3549,-0.1525,-0.4169,123,774
dl2_inband_opp_cancel_5m,2799634.7048,3242353.7667,3613110.2698,-0.248,-0.153,-0.3293,-0.2249,-0.3133,123,774
dl2_inband_opp_add_5m,2798901.5174,3240968.0085,3611302.2928,-0.2477,-0.1528,-0.3289,-0.2244,-0.3132,123,774
dl2_n_large_add_ask_15m,102532.7642,114183.4703,121443.7266,-0.2436,-0.1331,-0.3476,-0.145,-0.4164,123,774
dl2_opposing_large_cancel_15m,107406.3902,119723.1163,128150.2662,-0.2404,-0.1365,-0.3372,-0.1506,-0.4059,123,774
dl2_opposing_add_vol_5m,3129341.79,3603889.2303,4014450.8564,-0.2389,-0.1366,-0.3276,-0.206,-0.3144,123,774
dl2_opposing_cancel_vol_5m,3130053.3772,3604376.7794,4015161.9768,-0.2388,-0.137,-0.3269,-0.2058,-0.3143,123,774
dl2_inband_n_events_30m,2300404.6667,2560787.4806,2754524.7914,-0.2387,-0.2504,-0.2264,-0.1477,-0.4573,123,774
dl2_inband_n_events_15m,1307476.5366,1452287.1977,1547861.3669,-0.2385,-0.1581,-0.3138,-0.1826,-0.4117,123,774
dl2_inband_n_events_60m,3423220.935,3907814.4173,4286407.4029,-0.2385,-0.3422,-0.1428,-0.2555,-0.284,123,774
dl2_cancel_vol_ask_5m,3099694.2811,3567192.1734,3967244.4004,-0.237,-0.137,-0.3252,-0.1981,-0.3143,123,774
dl2_add_vol_ask_5m,3100425.326,3567487.3485,3967559.7605,-0.2368,-0.1366,-0.3252,-0.198,-0.314,123,774
dl2_opposing_large_add_15m,102932.5122,114297.0698,122612.5036,-0.2368,-0.1331,-0.3331,-0.1411,-0.4113,123,774
dl2_microprice_delta_30m_bps,6.7466,-2.0352,8.8132,0.2085,-0.0957,0.4837,0.0861,0.3326,104,734
dl2_inband_supp_add_5m_vs_avg5m_ratio,1.967,1.7217,1.7364,0.2059,0.3231,0.0858,0.1482,0.2718,123,774
dl2_microprice_delta_15m_bps,4.2327,-0.9493,1.9497,0.2035,0.1584,0.2472,0.1335,0.2706,111,758
dl2_microprice_now,69249.1159,69625.9478,69436.8453,-0.1873,-0.1021,-0.2744,-0.4223,0.0358,123,774
dl2_inband_opp_cancel_1m,551662.2026,615628.1857,673974.402,-0.1851,-0.1312,-0.2366,-0.1302,-0.3161,123,774
dl2_inband_opp_add_1m,551294.5609,615144.6724,673204.6824,-0.1848,-0.1322,-0.2349,-0.1288,-0.3174,123,774
dl2_net_opposing_flow_15m,466.9741,-351.9625,-765.9666,0.1827,0.0477,0.3449,0.1159,0.2508,123,774
dl2_inband_add_vol_1m,1117337.594,1238746.1268,1360431.5473,-0.182,-0.1251,-0.2363,-0.1059,-0.341,123,774
dl2_inband_cancel_vol_1m,1117356.1063,1238546.83,1360369.9744,-0.1818,-0.1246,-0.2363,-0.1063,-0.3399,123,774
dl2_n_large_cancel_bid_5m,38552.8293,41936.0711,46275.3094,-0.1746,-0.0906,-0.2485,-0.1082,-0.3181,123,774
dl2_n_large_add_bid_5m,36937.3659,40091.4276,44216.0935,-0.1735,-0.0932,-0.2446,-0.1033,-0.325,123,774
dl2_inband_supp_refill_ratio_15m,1.0004,1.0002,1.0002,0.1728,0.1271,0.2177,-0.0023,0.3635,123,774
dl2_inband_supp_add_1m,566043.0331,623601.4544,687226.865,-0.1709,-0.1108,-0.2292,-0.0767,-0.349,123,774
dl2_inband_supp_cancel_1m,565693.9037,622918.6442,686395.5724,-0.1701,-0.1109,-0.2274,-0.0761,-0.3482,123,774
dl2_supportive_large_cancel_5m,38220,41426.7158,45354.4964,-0.1695,-0.0906,-0.2428,-0.096,-0.3125,123,774
dl2_cancel_vol_bid_1m,842013.1263,931604.7314,1030967.5063,-0.1694,-0.1005,-0.2336,-0.0549,-0.3765,123,774
dl2_opposing_cancel_vol_1m,832899.3803,925223.7363,1028976.796,-0.1694,-0.1032,-0.2336,-0.0901,-0.3231,123,774
dl2_opposing_add_vol_1m,832619.1324,924548.9063,1028126.4388,-0.1688,-0.1031,-0.2324,-0.09,-0.3216,123,774
dl2_add_vol_bid_1m,842334.1245,931487.3459,1030535.1481,-0.1685,-0.1003,-0.2324,-0.0542,-0.3754,123,774
dl2_supportive_large_add_5m,36669.6585,39655.9948,43375.6259,-0.1681,-0.0932,-0.2379,-0.0944,-0.3139,123,774
dl2_add_vol_ask_1m,830937.2399,919902.8537,1030155.2367,-0.1635,-0.1031,-0.2223,-0.0808,-0.3145,123,774
dl2_cancel_vol_ask_1m,831043.3569,919786.9999,1029784.8245,-0.1631,-0.1032,-0.2214,-0.0802,-0.3143,123,774
dl2_supportive_add_vol_1m,840652.232,926841.2933,1032563.946,-0.1631,-0.1003,-0.2223,-0.0439,-0.366,123,774
dl2_supportive_cancel_vol_1m,840157.1029,926167.995,1031775.5347,-0.1628,-0.1005,-0.2214,-0.0439,-0.3654,123,774
dl2_n_cancel_bid_5m,123935.626,133840.9147,148681.6115,-0.1596,-0.0644,-0.2451,-0.1299,-0.2851,123,774
dl2_n_add_bid_5m,122649.0732,132149.1279,146895.7122,-0.1554,-0.0607,-0.2407,-0.1247,-0.2855,123,774
dl2_inband_n_events_5m,443909.2927,477592.0788,529833.8129,-0.1545,-0.0638,-0.2363,-0.1424,-0.2583,123,774
dl2_net_opposing_flow_60m,1987.4098,1082.7332,703.1019,0.1525,0.1107,0.1983,0.1028,0.1956,123,774
dl2_microprice_dev_now_bps,-0.0006,0.0004,-0.0001,-0.1455,-0.1112,-0.244,-0.1457,-0.1417,123,774
dl2_net_opposing_flow_30m,875.0128,136.2172,-220.8143,0.1396,0.091,0.2016,0.2372,0.0487,123,774
dl2_opposing_large_cancel_5m,38883.8293,41559.9767,46269.1151,-0.1388,-0.0138,-0.2485,-0.0865,-0.2505,123,774
dl2_inband_supp_refill_ratio_60m,1.0006,1.0005,1.0004,0.1347,0.1202,0.1543,0.0401,0.2571,123,774
dl2_opposing_large_add_5m,37237.4797,39662.2881,44221.2014,-0.1344,-0.0088,-0.2446,-0.0763,-0.2563,123,774
dl2_n_cancel_ask_5m,123906.6585,132058.7403,146315.0144,-0.1342,-0.0358,-0.2256,-0.1078,-0.2473,123,774
dl2_spread_max_5m_bps,0.043,0.0556,0.074,-0.134,-0.0783,-0.1838,-0.1101,-0.1787,122,716
dl2_n_large_cancel_ask_5m,38551,41050.6214,45348.3022,-0.1328,-0.0138,-0.2428,-0.0733,-0.2455,123,774
dl2_n_add_ask_5m,122787.9919,130551.1305,144693.6763,-0.1298,-0.0306,-0.2221,-0.1024,-0.2482,123,774
dl2_n_large_add_ask_5m,36969.7724,39226.8553,43380.7338,-0.1281,-0.0088,-0.2379,-0.0662,-0.2459,123,774
dl2_net_opposing_flow_1m,-280.248,-674.83,-850.3573,0.1245,0.034,0.2055,0.0226,0.2296,123,774
dl2_net_supportive_flow_15m,1664.5207,1018.6365,1097.228,0.1204,0.0516,0.1935,-0.0041,0.2411,123,774
dl2_microprice_aligned_delta_5m_bps,2.6466,2.1763,1.7084,0.1176,0.0848,0.154,0.2249,-0.0443,123,771
dl2_inband_supp_refill_ratio_30m,1.0005,1.0004,1.0004,0.1147,0.0823,0.1511,-0.0044,0.2588,123,774
dl2_net_supportive_flow_30m,2260.5493,1704.2679,1681.3215,0.1002,0.0707,0.133,0.1076,0.1046,123,774
dl2_supp_minus_opp_net_flow_1m,775.3771,1348.1283,1638.7686,-0.0994,0.0051,-0.2062,-0.0097,-0.1842,123,774
dl2_supportive_large_add_1m,9858.5691,10357.5904,11464.3094,-0.0958,-0.0569,-0.1331,0.0109,-0.3011,123,774
dl2_supportive_large_cancel_1m,10276.2439,10803.885,11965.9784,-0.0957,-0.0509,-0.1388,0.0146,-0.3055,123,774
dl2_microprice_slope_5m_bps_per_min,-0.1037,0.064,-0.2332,-0.0949,-0.0125,-0.1843,-0.2309,0.0353,122,716
dl2_microprice_delta_1m_bps,0.359,-0.2448,-0.1269,0.0917,0.1437,0.0143,0.1226,0.0579,123,774
dl2_n_large_add_bid_1m,9960.6179,10443.4612,11573.5252,-0.0916,-0.0569,-0.1222,0.0192,-0.3124,123,774
dl2_n_large_cancel_bid_1m,10406.1707,10910.2571,12076.4748,-0.09,-0.0509,-0.1247,0.0207,-0.3087,123,774
dl2_microprice_slope_5m_aligned_bps_per_min,0.2762,0.1231,-0.1634,0.0869,-0.0125,0.1843,0.1033,0.0682,122,716
dl2_inband_n_events_1m,88450.7642,92051.2429,102395.5827,-0.0818,-0.0378,-0.1245,-0.0385,-0.2539,123,774
dl2_net_supportive_flow_60m,3169.7996,2728.9462,3340.6606,0.0735,0.0873,0.0634,-0.0171,0.1842,123,774
dl2_n_large_cancel_ask_1m,10303.5203,10699.3798,12042.6835,-0.0719,-0.0024,-0.1388,0.0395,-0.2692,123,774
dl2_n_cancel_bid_1m,33534.0488,34822.7817,39018.0144,-0.0711,-0.0197,-0.1189,-0.002,-0.2616,123,774
dl2_supp_minus_opp_net_flow_60m,1182.3898,1646.213,2637.5586,-0.0706,-0.0285,-0.113,-0.1138,-0.0039,123,774
dl2_spread_mean_5m_bps,0.0146,0.0146,0.0147,0.0674,0.1143,0.0224,0.2105,-0.0899,122,716
dl2_n_large_add_ask_1m,9888.7073,10234.314,11522.446,-0.0667,0.0028,-0.1331,0.0463,-0.2676,123,774
dl2_opposing_large_cancel_1m,10433.4472,10805.7519,12153.1799,-0.0666,-0.0024,-0.1247,0.045,-0.2722,123,774
dl2_n_add_bid_1m,33194.7642,34384.9729,38595.2878,-0.0665,-0.0162,-0.1133,0.0018,-0.2589,123,774
dl2_microprice_aligned_delta_1m_bps,2.4718,2.0687,2.5071,0.0646,0.1437,-0.0143,0.2507,-0.1706,123,774
dl2_opposing_large_add_1m,9990.7561,10320.1848,11631.6619,-0.0628,0.0028,-0.1222,0.0538,-0.2784,123,774
dl2_n_cancel_ask_1m,33261.6016,34362.5581,38720.6475,-0.0616,-0.0074,-0.1147,0.0111,-0.2491,123,774
dl2_net_opposing_flow_5m,-711.5872,-487.5491,-711.1204,-0.0606,0.2301,-0.3557,-0.077,-0.03,123,774
dl2_inband_supp_minus_opp_add_60m,23337.571,-181024.2707,585271.1029,0.0591,0.1115,-0.0003,0.1277,-0.0479,123,774
dl2_n_add_ask_1m,32976.3333,33971.7183,38287.3525,-0.0565,-0.0022,-0.1097,0.0159,-0.2471,123,774
dl2_microprice_aligned_delta_15m_bps,-1.0538,0.2512,-6.0097,-0.0511,0.1584,-0.2472,-0.0478,-0.0489,111,758
dl2_inband_supp_minus_opp_add_15m,14112.6767,80291.802,101417.8168,-0.049,-0.0241,-0.0854,0.0978,-0.1948,123,774
dl2_net_supportive_flow_1m,495.1291,673.2983,788.4113,-0.046,0.0325,-0.1374,0.0035,-0.0841,123,774
dl2_inband_supp_minus_opp_add_1m,14748.4722,8456.7819,14022.1826,0.0436,0.0575,0.0188,0.1354,-0.0922,123,774
dl2_top1_bid_now,425.1461,443.0654,416.9452,-0.0375,0.0998,-0.3222,0.0698,-0.1591,123,774
dl2_spread_now_bps,0.0145,0.0148,0.0144,-0.0343,-0.0623,0.1906,-0.0517,-0.0176,122,716
dl2_inband_supp_refill_ratio_1m,1.0009,1.0011,1.0008,-0.0306,0.0644,-0.1444,-0.0091,-0.0409,123,774
dl2_supp_minus_opp_net_flow_5m,1658.2382,1473.6002,1888.3137,0.0305,-0.1641,0.2385,0.005,0.0588,123,774
dl2_supp_minus_opp_net_flow_30m,1385.5366,1568.0507,1902.1358,-0.0279,-0.0196,-0.0346,-0.1244,0.052,123,774
dl2_supp_minus_opp_net_flow_15m,1197.5466,1370.5989,1863.1946,-0.0259,0.0067,-0.0588,-0.089,0.0364,123,774
dl2_net_supportive_flow_5m_vs_avg5m_ratio,7.0787,2.9883,4.619,0.0252,-0.0215,0.0408,0.0423,0.0256,79,521
dl2_inband_supp_minus_opp_add_30m,43435.2384,3051.0066,312441.757,0.0186,0.0747,-0.0475,0.1732,-0.1474,123,774
dl2_inband_supp_refill_ratio_5m,1.0006,1.0006,1.0006,0.0171,0.0005,0.0418,-0.014,0.0641,123,774
dl2_inband_supp_minus_opp_add_5m,-12979.5795,-5315.7466,13489.465,-0.0152,-0.0849,0.0465,0.1103,-0.1499,123,774
dl2_net_supportive_flow_5m,946.651,986.0511,1177.1933,-0.0097,-0.0419,0.0243,-0.0819,0.0583,123,774
dl2_top1_ask_now,456.8265,453.744,445.197,0.0062,0.026,0.0009,0.0994,-0.0785,123,774
dl2_microprice_delta_5m_bps,-0.1874,-0.1653,-0.2838,-0.0048,0.0848,-0.154,-0.0406,0.0325,123,771
