selector,entry_mode,stop,trades,wins,winrate_pct,expectancy_pre_cost_pct,expectancy_after_cost_pct,pf_pre_cost,pf_after_cost,total_return_after_cost_pct,max_consecutive_losses
DL2::S::dist_to_recent_swing_high_pct_le_0.4616::top1,confirmed,stop_1.5,29,17,58.62,0.6668,0.5268,2.287,1.922,15.2771,3
DL2::P::dist_to_recent_swing_high_pct_le_0.321+utc_hour_le_4.0::top1,delay_15m,stop_1.5,29,16,55.17,0.548,0.408,1.959,1.648,11.8313,3
DL2::S::dist_to_recent_swing_high_pct_le_0.4616::top1,confirmed,stop_1.25,29,16,55.17,0.6323,0.4923,2.307,1.909,14.2771,3
DL2::S::dist_to_recent_swing_high_pct_le_0.4616::top1,delay_5m,stop_1.5,29,16,55.17,0.5451,0.4051,1.958,1.646,11.7489,3
DL2::P::dist_to_recent_swing_high_pct_le_0.321+utc_hour_le_8.0::top1,delay_15m,stop_1.5,29,15,51.72,0.4598,0.3198,1.755,1.479,9.2729,4
DL2::P::dist_to_recent_swing_high_pct_le_0.321+utc_hour_le_4.0::top1,confirmed,stop_1.25,29,15,51.72,0.5563,0.4163,2.128,1.756,12.0728,3
DL2::P::dist_to_recent_swing_high_pct_le_0.321+utc_hour_le_4.0::top1,confirmed,stop_1.5,29,15,51.72,0.4615,0.3215,1.785,1.498,9.3228,3
DL2::P::dist_to_recent_swing_high_pct_le_0.321+utc_hour_le_4.0::top1,delay_5m,stop_1.25,29,15,51.72,0.5413,0.4013,2.088,1.715,11.6365,3
DL2::P::dist_to_recent_swing_high_pct_le_0.321+utc_hour_le_4.0::top1,delay_5m,stop_1.5,29,15,51.72,0.4464,0.3064,1.753,1.467,8.8865,3
DL2::P::dist_to_recent_swing_high_pct_le_0.321+utc_hour_le_4.0::top1,delay_10m,stop_1.5,29,15,51.72,0.426,0.286,1.686,1.419,8.2932,3
DL2::P::dist_to_recent_swing_high_pct_le_1.062+utc_hour_le_4.0::top1,delay_10m,stop_1.5,29,15,51.72,0.517,0.377,1.909,1.602,10.9338,3
DL2::P::dist_to_recent_swing_high_pct_le_1.062+utc_hour_le_8.0::top1,delay_10m,stop_1.5,29,15,51.72,0.5508,0.4108,2.002,1.681,11.9142,3
DL2::P::prior_move_180m_pct_ge_-0.4872+utc_hour_le_4.0::top1,delay_10m,stop_1.5,29,15,51.72,0.517,0.377,1.909,1.602,10.9338,3
DL2::P::prior_move_180m_pct_ge_-0.4872+utc_hour_le_8.0::top1,delay_10m,stop_1.5,29,15,51.72,0.5508,0.4108,2.002,1.681,11.9142,3
DL2::P::dist_to_4h_mean_pct_ge_-0.338+utc_hour_le_4.0::top1,delay_10m,stop_1.5,29,15,51.72,0.517,0.377,1.909,1.602,10.9338,3
DL2::P::dist_to_4h_mean_pct_ge_-0.338+utc_hour_le_8.0::top1,delay_10m,stop_1.5,29,15,51.72,0.5508,0.4108,2.002,1.681,11.9142,3
DL2::S::dist_to_recent_swing_high_pct_le_0.4616::top1,confirmed,stop_1.0,29,15,51.72,0.6144,0.4744,2.42,1.957,13.7578,3
DL2::S::dist_to_recent_swing_high_pct_le_0.4616::top1,delay_5m,stop_1.25,29,15,51.72,0.5193,0.3793,1.987,1.644,10.9989,4
DL2::S::dist_to_recent_swing_high_pct_le_0.4616::top1,delay_10m,stop_1.25,29,15,51.72,0.6064,0.4664,2.196,1.826,13.5265,3
DL2::S::dist_to_recent_swing_high_pct_le_0.4616::top1,delay_10m,stop_1.5,29,15,51.72,0.5116,0.3716,1.85,1.563,10.7765,3
DL2::S::dist_to_recent_swing_high_pct_le_0.4616::top1,delay_15m,stop_1.5,29,15,51.72,0.5049,0.3649,1.829,1.547,10.5826,3
DL2::P::dist_to_recent_swing_high_pct_le_0.6499+utc_hour_le_4.0::top1,delay_10m,stop_1.5,29,15,51.72,0.517,0.377,1.909,1.602,10.9338,3
DL2::P::dist_to_recent_swing_high_pct_le_0.6499+utc_hour_le_4.0::top1,delay_15m,stop_1.5,29,15,51.72,0.5364,0.3964,1.938,1.63,11.4944,3
DL2::P::dist_to_recent_swing_high_pct_le_0.321+utc_hour_le_8.0::top1,confirmed,stop_1.0,29,14,48.28,0.5545,0.4145,2.281,1.837,12.0218,4
DL2::P::dist_to_recent_swing_high_pct_le_0.321+utc_hour_le_8.0::top1,confirmed,stop_1.25,29,14,48.28,0.4604,0.3204,1.874,1.543,9.2912,4
DL2::P::dist_to_recent_swing_high_pct_le_0.321+utc_hour_le_8.0::top1,confirmed,stop_1.5,29,14,48.28,0.3656,0.2256,1.588,1.33,6.5412,4
DL2::P::dist_to_recent_swing_high_pct_le_0.321+utc_hour_le_8.0::top1,delay_5m,stop_1.25,29,14,48.28,0.4548,0.3148,1.865,1.534,9.1285,4
DL2::P::dist_to_recent_swing_high_pct_le_0.321+utc_hour_le_8.0::top1,delay_5m,stop_1.5,29,14,48.28,0.3599,0.2199,1.58,1.322,6.3785,4
DL2::P::dist_to_recent_swing_high_pct_le_0.321+utc_hour_le_8.0::top1,delay_10m,stop_1.5,29,14,48.28,0.3391,0.1991,1.519,1.278,5.7735,4
DL2::P::dist_to_recent_swing_high_pct_le_0.321+utc_hour_le_8.0::top1,delay_15m,stop_1.25,29,14,48.28,0.4397,0.2997,1.785,1.481,8.6905,4
DL2::P::dist_to_recent_swing_high_pct_le_0.321+utc_hour_le_4.0::top1,confirmed,stop_1.0,29,14,48.28,0.5477,0.4077,2.266,1.823,11.8228,3
DL2::P::dist_to_recent_swing_high_pct_le_0.321+utc_hour_le_4.0::top1,delay_15m,stop_1.25,29,14,48.28,0.4187,0.2787,1.744,1.442,8.0813,3
DL2::P::dist_to_recent_swing_high_pct_le_1.062+utc_hour_le_4.0::top1,delay_5m,stop_1.5,29,14,48.28,0.4234,0.2834,1.715,1.432,8.2185,3
DL2::P::dist_to_recent_swing_high_pct_le_1.062+utc_hour_le_4.0::top1,delay_15m,stop_1.5,29,14,48.28,0.4157,0.2757,1.667,1.402,7.9944,3
DL2::P::dist_to_recent_swing_high_pct_le_1.062+utc_hour_le_8.0::top1,delay_15m,stop_1.5,29,14,48.28,0.4481,0.3081,1.736,1.462,8.936,3
DL2::P::dist_to_recent_swing_high_pct_le_0.6499+dl2_microprice_delta_5m_bps_ge_-0.534::top1,confirmed,stop_1.5,29,14,48.28,0.272,0.132,1.385,1.171,3.8266,5
DL2::P::dist_to_recent_swing_high_pct_le_0.6499+dl2_microprice_delta_5m_bps_ge_-0.534::top1,delay_5m,stop_1.5,29,14,48.28,0.2753,0.1353,1.393,1.176,3.9239,5
DL2::P::prior_move_180m_pct_ge_-0.4872+utc_hour_le_4.0::top1,delay_5m,stop_1.5,29,14,48.28,0.4234,0.2834,1.715,1.432,8.2185,3
DL2::P::prior_move_180m_pct_ge_-0.4872+utc_hour_le_4.0::top1,delay_15m,stop_1.5,29,14,48.28,0.4157,0.2757,1.667,1.402,7.9944,3
DL2::P::prior_move_180m_pct_ge_-0.4872+utc_hour_le_8.0::top1,delay_15m,stop_1.5,29,14,48.28,0.4481,0.3081,1.736,1.462,8.936,3
DL2::P::dist_to_4h_mean_pct_ge_-0.338+utc_hour_le_4.0::top1,delay_5m,stop_1.5,29,14,48.28,0.4234,0.2834,1.715,1.432,8.2185,3
DL2::P::dist_to_4h_mean_pct_ge_-0.338+utc_hour_le_4.0::top1,delay_15m,stop_1.5,29,14,48.28,0.4157,0.2757,1.667,1.402,7.9944,3
DL2::P::dist_to_4h_mean_pct_ge_-0.338+utc_hour_le_8.0::top1,delay_15m,stop_1.5,29,14,48.28,0.4481,0.3081,1.736,1.462,8.936,3
DL2::S::dist_to_recent_swing_high_pct_le_0.4616::top1,delay_15m,stop_1.25,29,14,48.28,0.4848,0.3448,1.865,1.553,10.0003,3
DL2::P::dist_to_recent_swing_high_pct_le_0.321+utc_hour_le_14.0::top1,confirmed,stop_1.5,29,14,48.28,0.461,0.321,1.809,1.511,9.3089,3
DL2::P::dist_to_recent_swing_high_pct_le_0.321+utc_hour_le_14.0::top1,delay_5m,stop_1.5,29,14,48.28,0.459,0.319,1.807,1.509,9.2524,3
DL2::P::dist_to_recent_swing_high_pct_le_0.321+utc_hour_le_14.0::top1,delay_15m,stop_1.5,29,14,48.28,0.4339,0.2939,1.712,1.441,8.5245,4
DL2::P::dist_to_recent_swing_high_pct_le_0.6499+utc_hour_le_4.0::top1,confirmed,stop_1.25,29,14,48.28,0.5336,0.3936,2.082,1.714,11.4136,3
DL2::P::dist_to_recent_swing_high_pct_le_0.6499+utc_hour_le_4.0::top1,confirmed,stop_1.5,29,14,48.28,0.4387,0.2987,1.746,1.463,8.6636,3
DL2::P::dist_to_recent_swing_high_pct_le_0.6499+utc_hour_le_4.0::top1,delay_5m,stop_1.25,29,14,48.28,0.5182,0.3782,2.041,1.674,10.9685,3
DL2::P::dist_to_recent_swing_high_pct_le_0.6499+utc_hour_le_4.0::top1,delay_5m,stop_1.5,29,14,48.28,0.4234,0.2834,1.715,1.432,8.2185,3
DL2::P::dist_to_recent_swing_high_pct_le_0.6499+utc_hour_le_4.0::top1,delay_10m,stop_1.25,29,14,48.28,0.4998,0.3598,1.966,1.621,10.4338,3
DL2::P::dist_to_recent_swing_high_pct_le_0.321+prior_move_180m_pct_le_0.5155::top1,delay_15m,stop_1.5,28,13,46.43,0.2679,0.1279,1.385,1.168,3.5805,4
DL2::P::dist_to_recent_swing_high_pct_le_0.321+utc_hour_le_8.0::top1,delay_5m,stop_1.0,29,13,44.83,0.4403,0.3003,1.934,1.557,8.7086,4
DL2::P::dist_to_recent_swing_high_pct_le_0.321+utc_hour_le_8.0::top1,delay_10m,stop_1.25,29,13,44.83,0.3305,0.1905,1.557,1.288,5.5235,4
DL2::P::dist_to_recent_swing_high_pct_le_0.321+utc_hour_le_4.0::top1,delay_5m,stop_1.0,29,13,44.83,0.4292,0.2892,1.91,1.531,8.3865,3
DL2::P::dist_to_recent_swing_high_pct_le_0.321+utc_hour_le_4.0::top1,delay_10m,stop_1.25,29,13,44.83,0.3053,0.1653,1.506,1.245,4.7932,3
DL2::P::dist_to_recent_swing_high_pct_le_1.062+utc_hour_le_4.0::top1,confirmed,stop_1.25,29,13,44.83,0.4215,0.2815,1.786,1.47,8.1636,3
DL2::P::dist_to_recent_swing_high_pct_le_1.062+utc_hour_le_4.0::top1,confirmed,stop_1.5,29,13,44.83,0.3181,0.1781,1.497,1.253,5.1636,3
DL2::P::dist_to_recent_swing_high_pct_le_1.062+utc_hour_le_8.0::top1,confirmed,stop_1.25,29,13,44.83,0.4377,0.2977,1.831,1.505,8.632,3
DL2::P::dist_to_recent_swing_high_pct_le_1.062+utc_hour_le_8.0::top1,confirmed,stop_1.5,29,13,44.83,0.3428,0.2028,1.551,1.296,5.882,3
DL2::P::dist_to_recent_swing_high_pct_le_1.062+utc_hour_le_8.0::top1,delay_5m,stop_1.5,29,13,44.83,0.3369,0.1969,1.543,1.288,5.7105,5
DL2::P::dist_to_recent_swing_high_pct_le_1.062+utc_hour_le_8.0::top1,delay_10m,stop_1.25,29,13,44.83,0.4129,0.2729,1.751,1.445,7.9142,3
DL2::P::dist_to_recent_swing_high_pct_le_0.6499+dl2_microprice_delta_5m_bps_ge_-0.534::top1,confirmed,stop_1.25,29,13,44.83,0.272,0.132,1.427,1.186,3.8266,6
DL2::P::dist_to_recent_swing_high_pct_le_0.6499+dl2_microprice_delta_5m_bps_ge_-0.534::top1,delay_5m,stop_1.25,29,13,44.83,0.2753,0.1353,1.436,1.192,3.9239,6
DL2::P::dist_to_recent_swing_high_pct_le_0.6499+dl2_microprice_delta_5m_bps_ge_-0.534::top1,delay_10m,stop_1.25,29,13,44.83,0.3823,0.2423,1.645,1.367,7.0265,5
DL2::P::dist_to_recent_swing_high_pct_le_0.6499+dl2_microprice_delta_5m_bps_ge_-0.534::top1,delay_10m,stop_1.5,29,13,44.83,0.2702,0.1302,1.383,1.169,3.7765,5
DL2::P::dist_to_recent_swing_high_pct_le_0.6499+dl2_microprice_delta_5m_bps_ge_-0.534::top1,delay_15m,stop_1.25,29,13,44.83,0.3728,0.2328,1.618,1.347,6.7503,5
DL2::P::dist_to_recent_swing_high_pct_le_0.6499+dl2_microprice_delta_5m_bps_ge_-0.534::top1,delay_15m,stop_1.5,29,13,44.83,0.2635,0.1235,1.37,1.158,3.5826,5
DL2::P::prior_move_180m_pct_ge_-0.4872+utc_hour_le_4.0::top1,confirmed,stop_1.25,29,13,44.83,0.4215,0.2815,1.786,1.47,8.1636,3
DL2::P::prior_move_180m_pct_ge_-0.4872+utc_hour_le_4.0::top1,confirmed,stop_1.5,29,13,44.83,0.3181,0.1781,1.497,1.253,5.1636,3
DL2::P::prior_move_180m_pct_ge_-0.4872+utc_hour_le_8.0::top1,confirmed,stop_1.25,29,13,44.83,0.4377,0.2977,1.831,1.505,8.632,3
DL2::P::prior_move_180m_pct_ge_-0.4872+utc_hour_le_8.0::top1,confirmed,stop_1.5,29,13,44.83,0.3428,0.2028,1.551,1.296,5.882,3
DL2::P::prior_move_180m_pct_ge_-0.4872+utc_hour_le_8.0::top1,delay_5m,stop_1.5,29,13,44.83,0.3369,0.1969,1.543,1.288,5.7105,5
DL2::P::prior_move_180m_pct_ge_-0.4872+utc_hour_le_8.0::top1,delay_10m,stop_1.25,29,13,44.83,0.4129,0.2729,1.751,1.445,7.9142,3
DL2::P::dist_to_4h_mean_pct_ge_-0.338+utc_hour_le_4.0::top1,confirmed,stop_1.25,29,13,44.83,0.4215,0.2815,1.786,1.47,8.1636,3
DL2::P::dist_to_4h_mean_pct_ge_-0.338+utc_hour_le_4.0::top1,confirmed,stop_1.5,29,13,44.83,0.3181,0.1781,1.497,1.253,5.1636,3
DL2::P::dist_to_4h_mean_pct_ge_-0.338+utc_hour_le_8.0::top1,confirmed,stop_1.25,29,13,44.83,0.4377,0.2977,1.831,1.505,8.632,3
DL2::P::dist_to_4h_mean_pct_ge_-0.338+utc_hour_le_8.0::top1,confirmed,stop_1.5,29,13,44.83,0.3428,0.2028,1.551,1.296,5.882,3
DL2::P::dist_to_4h_mean_pct_ge_-0.338+utc_hour_le_8.0::top1,delay_5m,stop_1.5,29,13,44.83,0.3369,0.1969,1.543,1.288,5.7105,5
DL2::P::dist_to_4h_mean_pct_ge_-0.338+utc_hour_le_8.0::top1,delay_10m,stop_1.25,29,13,44.83,0.4129,0.2729,1.751,1.445,7.9142,3
DL2::P::utc_hour_le_14.0+dl2_microprice_delta_5m_bps_ge_0.434::top1,confirmed,stop_1.5,29,13,44.83,0.1513,0.0113,1.2,1.014,0.3266,5
DL2::P::utc_hour_le_14.0+dl2_microprice_delta_5m_bps_ge_0.434::top1,delay_5m,stop_1.5,29,13,44.83,0.1546,0.0146,1.205,1.018,0.4239,5
DL2::S::dist_to_recent_swing_high_pct_le_0.4616::top1,delay_5m,stop_1.0,29,13,44.83,0.4013,0.2613,1.793,1.452,7.5789,4
DL2::P::dist_to_recent_swing_high_pct_le_0.321+utc_hour_le_14.0::top1,confirmed,stop_1.0,29,13,44.83,0.4511,0.3111,1.965,1.582,9.0218,4
DL2::P::dist_to_recent_swing_high_pct_le_0.321+utc_hour_le_14.0::top1,confirmed,stop_1.25,29,13,44.83,0.3483,0.2083,1.611,1.327,6.0412,4
DL2::P::dist_to_recent_swing_high_pct_le_0.321+utc_hour_le_14.0::top1,delay_5m,stop_1.25,29,13,44.83,0.4332,0.2932,1.823,1.498,8.5024,4
DL2::P::dist_to_recent_swing_high_pct_le_0.321+utc_hour_le_14.0::top1,delay_10m,stop_1.25,29,13,44.83,0.4195,0.2795,1.763,1.456,8.1055,4
DL2::P::dist_to_recent_swing_high_pct_le_0.321+utc_hour_le_14.0::top1,delay_10m,stop_1.5,29,13,44.83,0.3161,0.1761,1.484,1.246,5.1055,4
DL2::P::dist_to_recent_swing_high_pct_le_0.321+utc_hour_le_14.0::top1,delay_15m,stop_1.25,29,13,44.83,0.3276,0.1876,1.543,1.28,5.4405,4
DL2::P::dist_to_recent_swing_high_pct_le_0.6499+utc_hour_le_4.0::top1,confirmed,stop_1.0,29,13,44.83,0.525,0.385,2.213,1.777,11.1636,3
DL2::P::dist_to_recent_swing_high_pct_le_0.6499+utc_hour_le_4.0::top1,delay_15m,stop_1.25,29,13,44.83,0.407,0.267,1.723,1.423,7.7444,3
DL2::P::dist_to_recent_swing_high_pct_le_0.321+prior_move_180m_pct_le_0.5155::top1,confirmed,stop_1.0,28,12,42.86,0.3958,0.2558,1.818,1.462,7.1618,4
DL2::P::dist_to_recent_swing_high_pct_le_0.321+prior_move_180m_pct_le_0.5155::top1,confirmed,stop_1.25,28,12,42.86,0.2797,0.1397,1.466,1.209,3.9118,4
DL2::P::dist_to_recent_swing_high_pct_le_0.321+prior_move_180m_pct_le_0.5155::top1,confirmed,stop_1.5,28,12,42.86,0.1636,0.0236,1.229,1.03,0.6618,4
DL2::P::dist_to_recent_swing_high_pct_le_0.321+prior_move_180m_pct_le_0.5155::top1,delay_5m,stop_1.25,28,12,42.86,0.2685,0.1285,1.444,1.19,3.5986,4
DL2::P::dist_to_recent_swing_high_pct_le_0.321+prior_move_180m_pct_le_0.5155::top1,delay_5m,stop_1.5,28,12,42.86,0.1524,0.0124,1.212,1.016,0.3486,4
DL2::P::dist_to_recent_swing_high_pct_le_0.321+prior_move_180m_pct_le_0.5155::top1,delay_10m,stop_1.25,28,12,42.86,0.2601,0.1201,1.416,1.173,3.3624,4
DL2::P::dist_to_recent_swing_high_pct_le_0.321+prior_move_180m_pct_le_0.5155::top1,delay_10m,stop_1.5,28,12,42.86,0.1351,-0.0049,1.18,0.994,-0.1376,4
DL2::P::dist_to_recent_swing_high_pct_le_0.321+prior_move_180m_pct_le_0.5155::top1,delay_15m,stop_1.25,28,12,42.86,0.2679,0.1279,1.429,1.184,3.5805,4
DL2::P::dist_to_recent_swing_high_pct_le_0.321+utc_hour_le_8.0::top1,delay_15m,stop_1.0,29,12,41.38,0.3448,0.2048,1.667,1.347,5.9405,5
DL2::P::dist_to_recent_swing_high_pct_le_0.321+utc_hour_le_4.0::top1,delay_15m,stop_1.0,29,12,41.38,0.3238,0.1838,1.623,1.308,5.3313,3
DL2::P::dist_to_recent_swing_high_pct_le_1.062+utc_hour_le_4.0::top1,delay_5m,stop_1.25,29,12,41.38,0.2941,0.1541,1.504,1.235,4.4685,3
DL2::P::dist_to_recent_swing_high_pct_le_1.062+utc_hour_le_4.0::top1,delay_10m,stop_1.25,29,12,41.38,0.2756,0.1356,1.457,1.201,3.9338,3
DL2::P::dist_to_recent_swing_high_pct_le_1.062+utc_hour_le_8.0::top1,confirmed,stop_1.0,29,12,41.38,0.4284,0.2884,1.917,1.539,8.3627,3
DL2::P::dist_to_recent_swing_high_pct_le_1.062+utc_hour_le_8.0::top1,delay_5m,stop_1.25,29,12,41.38,0.3197,0.1797,1.562,1.282,5.2105,5
DL2::P::dist_to_recent_swing_high_pct_le_1.062+utc_hour_le_8.0::top1,delay_15m,stop_1.25,29,12,41.38,0.316,0.176,1.524,1.262,5.1037,3
DL2::P::prior_move_180m_pct_ge_-0.4872+utc_hour_le_4.0::top1,delay_5m,stop_1.25,29,12,41.38,0.2941,0.1541,1.504,1.235,4.4685,3
DL2::P::prior_move_180m_pct_ge_-0.4872+utc_hour_le_4.0::top1,delay_10m,stop_1.25,29,12,41.38,0.2756,0.1356,1.457,1.201,3.9338,3
DL2::P::prior_move_180m_pct_ge_-0.4872+utc_hour_le_8.0::top1,confirmed,stop_1.0,29,12,41.38,0.4284,0.2884,1.917,1.539,8.3627,3
DL2::P::prior_move_180m_pct_ge_-0.4872+utc_hour_le_8.0::top1,delay_5m,stop_1.25,29,12,41.38,0.3197,0.1797,1.562,1.282,5.2105,5
DL2::P::prior_move_180m_pct_ge_-0.4872+utc_hour_le_8.0::top1,delay_15m,stop_1.25,29,12,41.38,0.316,0.176,1.524,1.262,5.1037,3
DL2::P::dist_to_4h_mean_pct_ge_-0.338+utc_hour_le_4.0::top1,delay_5m,stop_1.25,29,12,41.38,0.2941,0.1541,1.504,1.235,4.4685,3
DL2::P::dist_to_4h_mean_pct_ge_-0.338+utc_hour_le_4.0::top1,delay_10m,stop_1.25,29,12,41.38,0.2756,0.1356,1.457,1.201,3.9338,3
DL2::P::dist_to_4h_mean_pct_ge_-0.338+utc_hour_le_8.0::top1,confirmed,stop_1.0,29,12,41.38,0.4284,0.2884,1.917,1.539,8.3627,3
DL2::P::dist_to_4h_mean_pct_ge_-0.338+utc_hour_le_8.0::top1,delay_5m,stop_1.25,29,12,41.38,0.3197,0.1797,1.562,1.282,5.2105,5
DL2::P::dist_to_4h_mean_pct_ge_-0.338+utc_hour_le_8.0::top1,delay_15m,stop_1.25,29,12,41.38,0.316,0.176,1.524,1.262,5.1037,3
DL2::P::utc_hour_le_14.0+dl2_microprice_delta_5m_bps_ge_0.434::top1,confirmed,stop_1.25,29,12,41.38,0.1599,0.0199,1.235,1.026,0.5766,5
DL2::P::utc_hour_le_14.0+dl2_microprice_delta_5m_bps_ge_0.434::top1,delay_5m,stop_1.25,29,12,41.38,0.1632,0.0232,1.242,1.031,0.6739,5
DL2::P::utc_hour_le_14.0+dl2_microprice_delta_5m_bps_ge_0.434::top1,delay_10m,stop_1.25,29,12,41.38,0.2702,0.1302,1.425,1.184,3.7765,5
DL2::P::utc_hour_le_14.0+dl2_microprice_delta_5m_bps_ge_0.434::top1,delay_10m,stop_1.5,29,12,41.38,0.1495,0.0095,1.198,1.011,0.2765,5
DL2::P::utc_hour_le_14.0+dl2_microprice_delta_5m_bps_ge_0.434::top1,delay_15m,stop_1.25,29,12,41.38,0.2607,0.1207,1.403,1.168,3.5003,5
DL2::P::utc_hour_le_14.0+dl2_microprice_delta_5m_bps_ge_0.434::top1,delay_15m,stop_1.5,29,12,41.38,0.1428,0.0028,1.187,1.003,0.0826,5
DL2::S::dist_to_recent_swing_high_pct_le_0.4616::top1,delay_15m,stop_1.0,29,12,41.38,0.39,0.25,1.754,1.424,7.2503,3
DL2::P::dist_to_recent_swing_high_pct_le_0.321+utc_hour_le_14.0::top1,delay_5m,stop_1.0,29,12,41.38,0.3368,0.1968,1.666,1.34,5.7086,4
DL2::P::dist_to_recent_swing_high_pct_le_0.321+utc_hour_le_14.0::top1,delay_15m,stop_1.0,29,12,41.38,0.3448,0.2048,1.667,1.347,5.9405,5
DL2::P::prior_move_180m_pct_le_0.5155+dist_to_4h_mean_pct_ge_-0.0047::top1,delay_10m,stop_1.5,27,11,40.74,0.066,-0.074,1.085,0.913,-1.9976,6
DL2::P::prior_move_180m_pct_le_0.5155+dist_to_4h_mean_pct_ge_-0.0047::top1,delay_15m,stop_1.5,27,11,40.74,0.0741,-0.0659,1.095,0.922,-1.7795,6
DL2::P::dist_to_recent_swing_high_pct_le_0.321+prior_move_180m_pct_le_0.5155::top1,delay_5m,stop_1.0,28,11,39.29,0.2774,0.1374,1.529,1.229,3.8486,4
DL2::P::dist_to_recent_swing_high_pct_le_0.321+prior_move_180m_pct_le_0.5155::top1,delay_15m,stop_1.0,28,11,39.29,0.2857,0.1457,1.533,1.239,4.0805,6
DL2::P::dist_to_recent_swing_high_pct_le_1.062+utc_hour_le_4.0::top1,confirmed,stop_1.0,29,11,37.93,0.3181,0.1781,1.634,1.31,5.1636,3
DL2::P::dist_to_recent_swing_high_pct_le_1.062+utc_hour_le_4.0::top1,delay_15m,stop_1.25,29,11,37.93,0.1829,0.0429,1.282,1.059,1.2444,3
DL2::P::dist_to_recent_swing_high_pct_le_0.6499+dl2_microprice_delta_5m_bps_ge_-0.534::top1,confirmed,stop_1.0,29,11,37.93,0.1851,0.0451,1.316,1.067,1.3073,6
DL2::P::prior_move_180m_pct_ge_-0.4872+utc_hour_le_4.0::top1,confirmed,stop_1.0,29,11,37.93,0.3181,0.1781,1.634,1.31,5.1636,3
DL2::P::prior_move_180m_pct_ge_-0.4872+utc_hour_le_4.0::top1,delay_15m,stop_1.25,29,11,37.93,0.1829,0.0429,1.282,1.059,1.2444,3
DL2::P::dist_to_4h_mean_pct_ge_-0.338+utc_hour_le_4.0::top1,confirmed,stop_1.0,29,11,37.93,0.3181,0.1781,1.634,1.31,5.1636,3
DL2::P::dist_to_4h_mean_pct_ge_-0.338+utc_hour_le_4.0::top1,delay_15m,stop_1.25,29,11,37.93,0.1829,0.0429,1.282,1.059,1.2444,3
DL2::P::utc_hour_le_14.0+dl2_microprice_delta_5m_bps_ge_0.434::top1,confirmed,stop_1.0,29,11,37.93,0.1851,0.0451,1.316,1.067,1.3073,5
DL2::P::utc_hour_le_14.0+dl2_microprice_delta_5m_bps_ge_0.434::top1,delay_5m,stop_1.0,29,11,37.93,0.1832,0.0432,1.313,1.065,1.2539,5
DL2::P::utc_hour_le_14.0+dl2_microprice_delta_5m_bps_ge_0.434::top1,delay_15m,stop_1.0,29,11,37.93,0.2866,0.1466,1.519,1.233,4.2503,5
DL2::S::dist_to_recent_swing_high_pct_le_0.4616::top1,delay_10m,stop_1.0,29,11,37.93,0.2857,0.1457,1.518,1.232,4.2254,3
DL2::P::dist_to_recent_swing_high_pct_le_0.6499+utc_hour_le_4.0::top1,delay_5m,stop_1.0,29,11,37.93,0.3027,0.1627,1.598,1.279,4.7185,3
DL2::P::prior_move_180m_pct_le_0.5155+dist_to_4h_mean_pct_ge_-0.0047::top1,delay_10m,stop_1.25,27,10,37.04,0.0753,-0.0647,1.108,0.916,-1.7476,6
DL2::P::dist_to_recent_swing_high_pct_le_0.321+utc_hour_le_8.0::top1,delay_10m,stop_1.0,29,10,34.48,0.1304,-0.0096,1.222,0.986,-0.2776,5
DL2::P::dist_to_recent_swing_high_pct_le_0.321+utc_hour_le_4.0::top1,delay_10m,stop_1.0,29,10,34.48,0.1156,-0.0244,1.197,0.964,-0.7068,3
DL2::P::dist_to_recent_swing_high_pct_le_1.062+utc_hour_le_4.0::top1,delay_5m,stop_1.0,29,10,34.48,0.1993,0.0593,1.368,1.095,1.7185,3
DL2::P::dist_to_recent_swing_high_pct_le_1.062+utc_hour_le_8.0::top1,delay_5m,stop_1.0,29,10,34.48,0.2104,0.0704,1.389,1.114,2.0406,5
DL2::P::dist_to_recent_swing_high_pct_le_1.062+utc_hour_le_8.0::top1,delay_15m,stop_1.0,29,10,34.48,0.2298,0.0898,1.416,1.143,2.6037,3
DL2::P::dist_to_recent_swing_high_pct_le_0.6499+dl2_microprice_delta_5m_bps_ge_-0.534::top1,delay_5m,stop_1.0,29,10,34.48,0.0798,-0.0602,1.129,0.915,-1.7461,7
DL2::P::dist_to_recent_swing_high_pct_le_0.6499+dl2_microprice_delta_5m_bps_ge_-0.534::top1,delay_15m,stop_1.0,29,10,34.48,0.1831,0.0431,1.312,1.065,1.2503,5
DL2::P::prior_move_180m_pct_ge_-0.4872+utc_hour_le_4.0::top1,delay_5m,stop_1.0,29,10,34.48,0.1993,0.0593,1.368,1.095,1.7185,3
DL2::P::prior_move_180m_pct_ge_-0.4872+utc_hour_le_8.0::top1,delay_5m,stop_1.0,29,10,34.48,0.2104,0.0704,1.389,1.114,2.0406,5
DL2::P::prior_move_180m_pct_ge_-0.4872+utc_hour_le_8.0::top1,delay_15m,stop_1.0,29,10,34.48,0.2298,0.0898,1.416,1.143,2.6037,3
DL2::P::dist_to_4h_mean_pct_ge_-0.338+utc_hour_le_4.0::top1,delay_5m,stop_1.0,29,10,34.48,0.1993,0.0593,1.368,1.095,1.7185,3
DL2::P::dist_to_4h_mean_pct_ge_-0.338+utc_hour_le_8.0::top1,delay_5m,stop_1.0,29,10,34.48,0.2104,0.0704,1.389,1.114,2.0406,5
DL2::P::dist_to_4h_mean_pct_ge_-0.338+utc_hour_le_8.0::top1,delay_15m,stop_1.0,29,10,34.48,0.2298,0.0898,1.416,1.143,2.6037,3
DL2::P::utc_hour_le_14.0+dl2_microprice_delta_5m_bps_ge_0.434::top1,delay_10m,stop_1.0,29,10,34.48,0.1823,0.0423,1.311,1.063,1.2254,5
DL2::P::dist_to_recent_swing_high_pct_le_0.321+utc_hour_le_14.0::top1,delay_10m,stop_1.0,29,10,34.48,0.1304,-0.0096,1.222,0.986,-0.2776,5
DL2::P::dist_to_recent_swing_high_pct_le_0.6499+utc_hour_le_4.0::top1,delay_15m,stop_1.0,29,10,34.48,0.2088,0.0688,1.377,1.108,1.9944,3
DL2::P::prior_move_180m_pct_le_0.5155+dist_to_4h_mean_pct_ge_-0.0047::top1,confirmed,stop_1.25,27,9,33.33,-0.0507,-0.1907,0.932,0.768,-5.1487,9
DL2::P::prior_move_180m_pct_le_0.5155+dist_to_4h_mean_pct_ge_-0.0047::top1,confirmed,stop_1.5,27,9,33.33,-0.1988,-0.3388,0.776,0.651,-9.1487,9
DL2::P::prior_move_180m_pct_le_0.5155+dist_to_4h_mean_pct_ge_-0.0047::top1,delay_5m,stop_1.25,27,9,33.33,-0.0576,-0.1976,0.922,0.76,-5.3364,9
DL2::P::prior_move_180m_pct_le_0.5155+dist_to_4h_mean_pct_ge_-0.0047::top1,delay_5m,stop_1.5,27,9,33.33,-0.2058,-0.3458,0.768,0.644,-9.3364,9
DL2::P::prior_move_180m_pct_le_0.5155+dist_to_4h_mean_pct_ge_-0.0047::top1,delay_15m,stop_1.25,27,9,33.33,-0.037,-0.177,0.95,0.785,-4.7795,6
DL2::P::dist_to_recent_swing_high_pct_le_0.321+prior_move_180m_pct_le_0.5155::top1,delay_10m,stop_1.0,28,9,32.14,0.0637,-0.0763,1.105,0.89,-2.1376,6
DL2::P::dist_to_recent_swing_high_pct_le_1.062+utc_hour_le_4.0::top1,delay_15m,stop_1.0,29,9,31.03,0.1053,-0.0347,1.179,0.949,-1.0056,3
DL2::P::dist_to_recent_swing_high_pct_le_1.062+utc_hour_le_8.0::top1,delay_10m,stop_1.0,29,9,31.03,0.1008,-0.0392,1.172,0.941,-1.1369,3
DL2::P::dist_to_recent_swing_high_pct_le_0.6499+dl2_microprice_delta_5m_bps_ge_-0.534::top1,delay_10m,stop_1.0,29,9,31.03,0.0788,-0.0612,1.127,0.914,-1.7746,5
DL2::P::prior_move_180m_pct_ge_-0.4872+utc_hour_le_4.0::top1,delay_15m,stop_1.0,29,9,31.03,0.1053,-0.0347,1.179,0.949,-1.0056,3
DL2::P::prior_move_180m_pct_ge_-0.4872+utc_hour_le_8.0::top1,delay_10m,stop_1.0,29,9,31.03,0.1008,-0.0392,1.172,0.941,-1.1369,3
DL2::P::dist_to_4h_mean_pct_ge_-0.338+utc_hour_le_4.0::top1,delay_15m,stop_1.0,29,9,31.03,0.1053,-0.0347,1.179,0.949,-1.0056,3
DL2::P::dist_to_4h_mean_pct_ge_-0.338+utc_hour_le_8.0::top1,delay_10m,stop_1.0,29,9,31.03,0.1008,-0.0392,1.172,0.941,-1.1369,3
DL2::P::dist_to_recent_swing_high_pct_le_0.6499+utc_hour_le_4.0::top1,delay_10m,stop_1.0,29,9,31.03,0.086,-0.054,1.147,0.92,-1.5662,3
DL2::P::prior_move_180m_pct_le_0.5155+dist_to_4h_mean_pct_ge_-0.0047::top1,confirmed,stop_1.0,27,8,29.63,-0.0137,-0.1537,0.978,0.786,-4.1487,9
DL2::P::prior_move_180m_pct_le_0.5155+dist_to_4h_mean_pct_ge_-0.0047::top1,delay_10m,stop_1.0,27,8,29.63,-0.0081,-0.1481,0.987,0.794,-3.9976,6
DL2::P::prior_move_180m_pct_le_0.5155+dist_to_4h_mean_pct_ge_-0.0047::top1,delay_15m,stop_1.0,27,8,29.63,0.0,-0.14,1.0,0.805,-3.7795,6
DL2::P::dist_to_recent_swing_high_pct_le_1.062+utc_hour_le_4.0::top1,delay_10m,stop_1.0,29,8,27.59,-0.0175,-0.1575,0.972,0.779,-4.5662,3
DL2::P::prior_move_180m_pct_ge_-0.4872+utc_hour_le_4.0::top1,delay_10m,stop_1.0,29,8,27.59,-0.0175,-0.1575,0.972,0.779,-4.5662,3
DL2::P::dist_to_4h_mean_pct_ge_-0.338+utc_hour_le_4.0::top1,delay_10m,stop_1.0,29,8,27.59,-0.0175,-0.1575,0.972,0.779,-4.5662,3
DL2::P::prior_move_180m_pct_le_0.5155+dist_to_4h_mean_pct_ge_-0.0047::top1,delay_5m,stop_1.0,27,7,25.93,-0.1317,-0.2717,0.802,0.643,-7.3364,9
