selector,entry_mode,stop,trades,wins,winrate_pct,expectancy_pre_cost_pct,expectancy_after_cost_pct,pf_pre_cost,pf_after_cost,total_return_after_cost_pct,max_consecutive_losses,long_n,long_winrate_pct,short_n,short_winrate_pct
S::score_trigger_ge_1.0::top1,delay_10m,stop_1.5,29,18,62.07,0.7628,0.6228,2.592,2.172,18.0624,3,16,62.5,13,61.54
S::score_trigger_ge_1.0::top1,delay_10m,stop_1.5,29,18,62.07,0.7628,0.6228,2.592,2.172,18.0624,3,16,62.5,13,61.54
P::score_trigger_ge_1.0+pct_correct_move_already_done_le_0.0::top1,delay_10m,stop_1.5,29,17,58.62,0.7092,0.5692,2.48,2.071,16.5059,3,16,56.25,13,61.54
P::score_trigger_ge_1.0+pct_correct_move_already_done_le_0.0::top1,delay_10m,stop_1.5,29,17,58.62,0.7092,0.5692,2.48,2.071,16.5059,3,16,56.25,13,61.54
P::score_trigger_ge_1.0+pct_correct_move_already_done_le_0.0::top1,delay_10m,stop_1.5,29,17,58.62,0.7092,0.5692,2.48,2.071,16.5059,3,16,56.25,13,61.54
P::score_trigger_ge_1.0+pct_correct_move_already_done_le_0.0::top1,delay_10m,stop_1.5,29,17,58.62,0.7092,0.5692,2.48,2.071,16.5059,3,16,56.25,13,61.54
P::score_trigger_ge_1.0+pct_correct_move_already_done_le_0.0::top1,delay_10m,stop_1.5,29,17,58.62,0.7092,0.5692,2.48,2.071,16.5059,3,16,56.25,13,61.54
P::score_trigger_ge_1.0+pct_correct_move_already_done_le_0.0::top1,delay_10m,stop_1.5,29,17,58.62,0.7092,0.5692,2.48,2.071,16.5059,3,16,56.25,13,61.54
P::score_trigger_ge_1.0+is_during_correct_move_FALSE::top1,delay_10m,stop_1.5,29,17,58.62,0.7092,0.5692,2.48,2.071,16.5059,3,16,56.25,13,61.54
P::score_trigger_ge_1.0+is_during_correct_move_FALSE::top1,delay_10m,stop_1.5,29,17,58.62,0.7092,0.5692,2.48,2.071,16.5059,3,16,56.25,13,61.54
S::score_trigger_ge_1.0::top1,delay_5m,stop_1.5,29,17,58.62,0.8338,0.6938,3.139,2.584,20.12,3,16,56.25,13,61.54
S::score_trigger_ge_1.0::top1,delay_5m,stop_1.5,29,17,58.62,0.8338,0.6938,3.139,2.584,20.12,3,16,56.25,13,61.54
P::score_trigger_ge_1.0+pct_correct_move_already_done_le_0.0::top1,delay_5m,stop_1.5,29,16,55.17,0.7837,0.6437,3.01,2.469,18.668,3,16,50.0,13,61.54
P::score_trigger_ge_1.0+pct_correct_move_already_done_le_0.0::top1,delay_5m,stop_1.5,29,16,55.17,0.7837,0.6437,3.01,2.469,18.668,3,16,50.0,13,61.54
P::score_trigger_ge_1.0+pct_correct_move_already_done_le_0.0::top1,delay_5m,stop_1.5,29,16,55.17,0.7837,0.6437,3.01,2.469,18.668,3,16,50.0,13,61.54
P::score_trigger_ge_1.0+pct_correct_move_already_done_le_0.0::top1,delay_5m,stop_1.5,29,16,55.17,0.7837,0.6437,3.01,2.469,18.668,3,16,50.0,13,61.54
P::score_trigger_ge_1.0+pct_correct_move_already_done_le_0.0::top1,delay_5m,stop_1.5,29,16,55.17,0.7837,0.6437,3.01,2.469,18.668,3,16,50.0,13,61.54
P::score_trigger_ge_1.0+pct_correct_move_already_done_le_0.0::top1,delay_5m,stop_1.5,29,16,55.17,0.7837,0.6437,3.01,2.469,18.668,3,16,50.0,13,61.54
P::score_trigger_ge_1.0+is_during_correct_move_FALSE::top1,delay_5m,stop_1.5,29,16,55.17,0.7837,0.6437,3.01,2.469,18.668,3,16,50.0,13,61.54
P::score_trigger_ge_1.0+is_during_correct_move_FALSE::top1,delay_5m,stop_1.5,29,16,55.17,0.7837,0.6437,3.01,2.469,18.668,3,16,50.0,13,61.54
S::score_trigger_ge_1.0::top1,confirmed,stop_1.25,29,16,55.17,0.7158,0.5758,2.712,2.222,16.6985,3,16,56.25,13,53.85
S::score_trigger_ge_1.0::top1,confirmed,stop_1.5,29,16,55.17,0.6382,0.4982,2.288,1.908,14.4485,3,16,56.25,13,53.85
S::score_trigger_ge_1.0::top1,delay_5m,stop_1.25,29,16,55.17,0.7222,0.5822,2.737,2.229,16.8845,3,16,56.25,13,53.85
S::score_trigger_ge_1.0::top1,delay_10m,stop_1.25,29,16,55.17,0.6163,0.4763,2.263,1.866,13.8124,3,16,56.25,13,53.85
S::score_trigger_ge_1.0::top1,delay_15m,stop_1.5,29,16,55.17,0.6054,0.4654,2.144,1.793,13.4967,3,16,56.25,13,53.85
S::score_trigger_ge_1.0::top1,confirmed,stop_1.25,29,16,55.17,0.7158,0.5758,2.712,2.222,16.6985,3,16,56.25,13,53.85
S::score_trigger_ge_1.0::top1,confirmed,stop_1.5,29,16,55.17,0.6382,0.4982,2.288,1.908,14.4485,3,16,56.25,13,53.85
S::score_trigger_ge_1.0::top1,delay_5m,stop_1.25,29,16,55.17,0.7222,0.5822,2.737,2.229,16.8845,3,16,56.25,13,53.85
S::score_trigger_ge_1.0::top1,delay_10m,stop_1.25,29,16,55.17,0.6163,0.4763,2.263,1.866,13.8124,3,16,56.25,13,53.85
S::score_trigger_ge_1.0::top1,delay_15m,stop_1.5,29,16,55.17,0.6054,0.4654,2.144,1.793,13.4967,3,16,56.25,13,53.85
P::score_trigger_ge_1.0+pct_correct_move_already_done_le_0.0::top1,confirmed,stop_1.25,29,15,51.72,0.6757,0.5357,2.616,2.137,15.535,3,16,50.0,13,53.85
P::score_trigger_ge_1.0+pct_correct_move_already_done_le_0.0::top1,confirmed,stop_1.5,29,15,51.72,0.5981,0.4581,2.207,1.835,13.285,3,16,50.0,13,53.85
P::score_trigger_ge_1.0+pct_correct_move_already_done_le_0.0::top1,delay_5m,stop_1.25,29,15,51.72,0.6722,0.5322,2.617,2.124,15.4325,3,16,50.0,13,53.85
P::score_trigger_ge_1.0+pct_correct_move_already_done_le_0.0::top1,delay_10m,stop_1.25,29,15,51.72,0.5626,0.4226,2.153,1.769,12.2559,3,16,50.0,13,53.85
P::score_trigger_ge_1.0+pct_correct_move_already_done_le_0.0::top1,delay_15m,stop_1.5,29,15,51.72,0.5577,0.4177,2.054,1.712,12.1137,3,16,50.0,13,53.85
P::score_trigger_ge_1.0+pct_correct_move_already_done_le_0.0::top1,confirmed,stop_1.25,29,15,51.72,0.6757,0.5357,2.616,2.137,15.535,3,16,50.0,13,53.85
P::score_trigger_ge_1.0+pct_correct_move_already_done_le_0.0::top1,confirmed,stop_1.5,29,15,51.72,0.5981,0.4581,2.207,1.835,13.285,3,16,50.0,13,53.85
P::score_trigger_ge_1.0+pct_correct_move_already_done_le_0.0::top1,delay_5m,stop_1.25,29,15,51.72,0.6722,0.5322,2.617,2.124,15.4325,3,16,50.0,13,53.85
P::score_trigger_ge_1.0+pct_correct_move_already_done_le_0.0::top1,delay_10m,stop_1.25,29,15,51.72,0.5626,0.4226,2.153,1.769,12.2559,3,16,50.0,13,53.85
P::score_trigger_ge_1.0+pct_correct_move_already_done_le_0.0::top1,delay_15m,stop_1.5,29,15,51.72,0.5577,0.4177,2.054,1.712,12.1137,3,16,50.0,13,53.85
P::score_trigger_ge_1.0+pct_correct_move_already_done_le_0.0::top1,confirmed,stop_1.25,29,15,51.72,0.6757,0.5357,2.616,2.137,15.535,3,16,50.0,13,53.85
P::score_trigger_ge_1.0+pct_correct_move_already_done_le_0.0::top1,confirmed,stop_1.5,29,15,51.72,0.5981,0.4581,2.207,1.835,13.285,3,16,50.0,13,53.85
P::score_trigger_ge_1.0+pct_correct_move_already_done_le_0.0::top1,delay_5m,stop_1.25,29,15,51.72,0.6722,0.5322,2.617,2.124,15.4325,3,16,50.0,13,53.85
P::score_trigger_ge_1.0+pct_correct_move_already_done_le_0.0::top1,delay_10m,stop_1.25,29,15,51.72,0.5626,0.4226,2.153,1.769,12.2559,3,16,50.0,13,53.85
P::score_trigger_ge_1.0+pct_correct_move_already_done_le_0.0::top1,delay_15m,stop_1.5,29,15,51.72,0.5577,0.4177,2.054,1.712,12.1137,3,16,50.0,13,53.85
P::score_trigger_ge_1.0+pct_correct_move_already_done_le_0.0::top1,confirmed,stop_1.25,29,15,51.72,0.6757,0.5357,2.616,2.137,15.535,3,16,50.0,13,53.85
P::score_trigger_ge_1.0+pct_correct_move_already_done_le_0.0::top1,confirmed,stop_1.5,29,15,51.72,0.5981,0.4581,2.207,1.835,13.285,3,16,50.0,13,53.85
P::score_trigger_ge_1.0+pct_correct_move_already_done_le_0.0::top1,delay_5m,stop_1.25,29,15,51.72,0.6722,0.5322,2.617,2.124,15.4325,3,16,50.0,13,53.85
P::score_trigger_ge_1.0+pct_correct_move_already_done_le_0.0::top1,delay_10m,stop_1.25,29,15,51.72,0.5626,0.4226,2.153,1.769,12.2559,3,16,50.0,13,53.85
P::score_trigger_ge_1.0+pct_correct_move_already_done_le_0.0::top1,delay_15m,stop_1.5,29,15,51.72,0.5577,0.4177,2.054,1.712,12.1137,3,16,50.0,13,53.85
P::score_trigger_ge_1.0+pct_correct_move_already_done_le_0.0::top1,confirmed,stop_1.25,29,15,51.72,0.6757,0.5357,2.616,2.137,15.535,3,16,50.0,13,53.85
P::score_trigger_ge_1.0+pct_correct_move_already_done_le_0.0::top1,confirmed,stop_1.5,29,15,51.72,0.5981,0.4581,2.207,1.835,13.285,3,16,50.0,13,53.85
P::score_trigger_ge_1.0+pct_correct_move_already_done_le_0.0::top1,delay_5m,stop_1.25,29,15,51.72,0.6722,0.5322,2.617,2.124,15.4325,3,16,50.0,13,53.85
P::score_trigger_ge_1.0+pct_correct_move_already_done_le_0.0::top1,delay_10m,stop_1.25,29,15,51.72,0.5626,0.4226,2.153,1.769,12.2559,3,16,50.0,13,53.85
P::score_trigger_ge_1.0+pct_correct_move_already_done_le_0.0::top1,delay_15m,stop_1.5,29,15,51.72,0.5577,0.4177,2.054,1.712,12.1137,3,16,50.0,13,53.85
P::score_trigger_ge_1.0+pct_correct_move_already_done_le_0.0::top1,confirmed,stop_1.25,29,15,51.72,0.6757,0.5357,2.616,2.137,15.535,3,16,50.0,13,53.85
P::score_trigger_ge_1.0+pct_correct_move_already_done_le_0.0::top1,confirmed,stop_1.5,29,15,51.72,0.5981,0.4581,2.207,1.835,13.285,3,16,50.0,13,53.85
P::score_trigger_ge_1.0+pct_correct_move_already_done_le_0.0::top1,delay_5m,stop_1.25,29,15,51.72,0.6722,0.5322,2.617,2.124,15.4325,3,16,50.0,13,53.85
P::score_trigger_ge_1.0+pct_correct_move_already_done_le_0.0::top1,delay_10m,stop_1.25,29,15,51.72,0.5626,0.4226,2.153,1.769,12.2559,3,16,50.0,13,53.85
P::score_trigger_ge_1.0+pct_correct_move_already_done_le_0.0::top1,delay_15m,stop_1.5,29,15,51.72,0.5577,0.4177,2.054,1.712,12.1137,3,16,50.0,13,53.85
P::score_trigger_ge_1.0+is_during_correct_move_FALSE::top1,confirmed,stop_1.25,29,15,51.72,0.6757,0.5357,2.616,2.137,15.535,3,16,50.0,13,53.85
P::score_trigger_ge_1.0+is_during_correct_move_FALSE::top1,confirmed,stop_1.5,29,15,51.72,0.5981,0.4581,2.207,1.835,13.285,3,16,50.0,13,53.85
P::score_trigger_ge_1.0+is_during_correct_move_FALSE::top1,delay_5m,stop_1.25,29,15,51.72,0.6722,0.5322,2.617,2.124,15.4325,3,16,50.0,13,53.85
P::score_trigger_ge_1.0+is_during_correct_move_FALSE::top1,delay_10m,stop_1.25,29,15,51.72,0.5626,0.4226,2.153,1.769,12.2559,3,16,50.0,13,53.85
P::score_trigger_ge_1.0+is_during_correct_move_FALSE::top1,delay_15m,stop_1.5,29,15,51.72,0.5577,0.4177,2.054,1.712,12.1137,3,16,50.0,13,53.85
P::score_trigger_ge_1.0+is_during_correct_move_FALSE::top1,confirmed,stop_1.25,29,15,51.72,0.6757,0.5357,2.616,2.137,15.535,3,16,50.0,13,53.85
P::score_trigger_ge_1.0+is_during_correct_move_FALSE::top1,confirmed,stop_1.5,29,15,51.72,0.5981,0.4581,2.207,1.835,13.285,3,16,50.0,13,53.85
P::score_trigger_ge_1.0+is_during_correct_move_FALSE::top1,delay_5m,stop_1.25,29,15,51.72,0.6722,0.5322,2.617,2.124,15.4325,3,16,50.0,13,53.85
P::score_trigger_ge_1.0+is_during_correct_move_FALSE::top1,delay_10m,stop_1.25,29,15,51.72,0.5626,0.4226,2.153,1.769,12.2559,3,16,50.0,13,53.85
P::score_trigger_ge_1.0+is_during_correct_move_FALSE::top1,delay_15m,stop_1.5,29,15,51.72,0.5577,0.4177,2.054,1.712,12.1137,3,16,50.0,13,53.85
S::score_trigger_ge_1.0::top1,delay_15m,stop_1.25,29,15,51.72,0.5795,0.4395,2.193,1.801,12.7467,3,16,56.25,13,46.15
S::score_trigger_ge_1.0::top1,delay_15m,stop_1.25,29,15,51.72,0.5795,0.4395,2.193,1.801,12.7467,3,16,56.25,13,46.15
P::score_trigger_ge_1.0+pct_correct_move_already_done_le_0.0::top1,delay_15m,stop_1.25,29,14,48.28,0.5319,0.3919,2.094,1.714,11.3637,3,16,50.0,13,46.15
P::score_trigger_ge_1.0+pct_correct_move_already_done_le_0.0::top1,delay_15m,stop_1.25,29,14,48.28,0.5319,0.3919,2.094,1.714,11.3637,3,16,50.0,13,46.15
P::score_trigger_ge_1.0+pct_correct_move_already_done_le_0.0::top1,delay_15m,stop_1.25,29,14,48.28,0.5319,0.3919,2.094,1.714,11.3637,3,16,50.0,13,46.15
P::score_trigger_ge_1.0+pct_correct_move_already_done_le_0.0::top1,delay_15m,stop_1.25,29,14,48.28,0.5319,0.3919,2.094,1.714,11.3637,3,16,50.0,13,46.15
P::score_trigger_ge_1.0+pct_correct_move_already_done_le_0.0::top1,delay_15m,stop_1.25,29,14,48.28,0.5319,0.3919,2.094,1.714,11.3637,3,16,50.0,13,46.15
P::score_trigger_ge_1.0+pct_correct_move_already_done_le_0.0::top1,delay_15m,stop_1.25,29,14,48.28,0.5319,0.3919,2.094,1.714,11.3637,3,16,50.0,13,46.15
P::score_trigger_ge_1.0+is_during_correct_move_FALSE::top1,delay_15m,stop_1.25,29,14,48.28,0.5319,0.3919,2.094,1.714,11.3637,3,16,50.0,13,46.15
P::score_trigger_ge_1.0+is_during_correct_move_FALSE::top1,delay_15m,stop_1.25,29,14,48.28,0.5319,0.3919,2.094,1.714,11.3637,3,16,50.0,13,46.15
S::score_trigger_ge_1.0::top1,confirmed,stop_1.0,29,13,44.83,0.4831,0.3431,2.088,1.671,9.9485,3,16,43.75,13,46.15
S::score_trigger_ge_1.0::top1,confirmed,stop_1.0,29,13,44.83,0.4831,0.3431,2.088,1.671,9.9485,3,16,43.75,13,46.15
P::score_trigger_ge_1.0+pct_correct_move_already_done_le_0.0::top1,confirmed,stop_1.0,29,12,41.38,0.4429,0.3029,1.998,1.592,8.785,3,16,37.5,13,46.15
P::score_trigger_ge_1.0+pct_correct_move_already_done_le_0.0::top1,trigger,stop_1.5,29,12,41.38,0.2162,0.0762,1.336,1.107,2.2105,3,16,37.5,13,46.15
P::score_trigger_ge_1.0+pct_correct_move_already_done_le_0.0::top1,confirmed,stop_1.0,29,12,41.38,0.4429,0.3029,1.998,1.592,8.785,3,16,37.5,13,46.15
P::score_trigger_ge_1.0+pct_correct_move_already_done_le_0.0::top1,trigger,stop_1.5,29,12,41.38,0.2162,0.0762,1.336,1.107,2.2105,3,16,37.5,13,46.15
P::score_trigger_ge_1.0+pct_correct_move_already_done_le_0.0::top1,confirmed,stop_1.0,29,12,41.38,0.4429,0.3029,1.998,1.592,8.785,3,16,37.5,13,46.15
P::score_trigger_ge_1.0+pct_correct_move_already_done_le_0.0::top1,trigger,stop_1.5,29,12,41.38,0.2162,0.0762,1.336,1.107,2.2105,3,16,37.5,13,46.15
P::score_trigger_ge_1.0+pct_correct_move_already_done_le_0.0::top1,confirmed,stop_1.0,29,12,41.38,0.4429,0.3029,1.998,1.592,8.785,3,16,37.5,13,46.15
P::score_trigger_ge_1.0+pct_correct_move_already_done_le_0.0::top1,trigger,stop_1.5,29,12,41.38,0.2162,0.0762,1.336,1.107,2.2105,3,16,37.5,13,46.15
P::score_trigger_ge_1.0+pct_correct_move_already_done_le_0.0::top1,confirmed,stop_1.0,29,12,41.38,0.4429,0.3029,1.998,1.592,8.785,3,16,37.5,13,46.15
P::score_trigger_ge_1.0+pct_correct_move_already_done_le_0.0::top1,trigger,stop_1.5,29,12,41.38,0.2162,0.0762,1.336,1.107,2.2105,3,16,37.5,13,46.15
P::score_trigger_ge_1.0+pct_correct_move_already_done_le_0.0::top1,confirmed,stop_1.0,29,12,41.38,0.4429,0.3029,1.998,1.592,8.785,3,16,37.5,13,46.15
P::score_trigger_ge_1.0+pct_correct_move_already_done_le_0.0::top1,trigger,stop_1.5,29,12,41.38,0.2162,0.0762,1.336,1.107,2.2105,3,16,37.5,13,46.15
P::score_trigger_ge_1.0+is_during_correct_move_FALSE::top1,confirmed,stop_1.0,29,12,41.38,0.4429,0.3029,1.998,1.592,8.785,3,16,37.5,13,46.15
P::score_trigger_ge_1.0+is_during_correct_move_FALSE::top1,trigger,stop_1.5,29,12,41.38,0.2162,0.0762,1.336,1.107,2.2105,3,16,37.5,13,46.15
P::score_trigger_ge_1.0+is_during_correct_move_FALSE::top1,confirmed,stop_1.0,29,12,41.38,0.4429,0.3029,1.998,1.592,8.785,3,16,37.5,13,46.15
P::score_trigger_ge_1.0+is_during_correct_move_FALSE::top1,trigger,stop_1.5,29,12,41.38,0.2162,0.0762,1.336,1.107,2.2105,3,16,37.5,13,46.15
S::score_trigger_ge_1.0::top1,trigger,stop_1.5,29,12,41.38,0.2739,0.1339,1.426,1.187,3.8841,3,16,37.5,13,46.15
S::score_trigger_ge_1.0::top1,delay_10m,stop_1.0,29,12,41.38,0.2973,0.1573,1.56,1.257,4.5624,3,16,50.0,13,30.77
S::score_trigger_ge_1.0::top1,trigger,stop_1.5,29,12,41.38,0.2739,0.1339,1.426,1.187,3.8841,3,16,37.5,13,46.15
S::score_trigger_ge_1.0::top1,delay_10m,stop_1.0,29,12,41.38,0.2973,0.1573,1.56,1.257,4.5624,3,16,50.0,13,30.77
S::score_trigger_ge_1.0::top1,delay_5m,stop_1.0,29,11,37.93,0.2826,0.1426,1.553,1.241,4.1345,3,16,43.75,13,30.77
S::score_trigger_ge_1.0::top1,delay_15m,stop_1.0,29,11,37.93,0.2606,0.1206,1.493,1.197,3.4967,3,16,43.75,13,30.77
S::score_trigger_ge_1.0::top1,delay_5m,stop_1.0,29,11,37.93,0.2826,0.1426,1.553,1.241,4.1345,3,16,43.75,13,30.77
S::score_trigger_ge_1.0::top1,delay_15m,stop_1.0,29,11,37.93,0.2606,0.1206,1.493,1.197,3.4967,3,16,43.75,13,30.77
P::score_trigger_ge_1.0+pct_correct_move_already_done_le_0.0::top1,trigger,stop_1.25,29,10,34.48,0.0533,-0.0867,1.08,0.884,-2.5131,4,16,31.25,13,38.46
P::score_trigger_ge_1.0+pct_correct_move_already_done_le_0.0::top1,delay_5m,stop_1.0,29,10,34.48,0.2325,0.0925,1.455,1.156,2.6825,3,16,37.5,13,30.77
P::score_trigger_ge_1.0+pct_correct_move_already_done_le_0.0::top1,delay_10m,stop_1.0,29,10,34.48,0.1402,0.0002,1.248,1.0,0.0059,3,16,37.5,13,30.77
P::score_trigger_ge_1.0+pct_correct_move_already_done_le_0.0::top1,delay_15m,stop_1.0,29,10,34.48,0.2129,0.0729,1.402,1.119,2.1137,3,16,37.5,13,30.77
P::score_trigger_ge_1.0+pct_correct_move_already_done_le_0.0::top1,trigger,stop_1.25,29,10,34.48,0.0533,-0.0867,1.08,0.884,-2.5131,4,16,31.25,13,38.46
P::score_trigger_ge_1.0+pct_correct_move_already_done_le_0.0::top1,delay_5m,stop_1.0,29,10,34.48,0.2325,0.0925,1.455,1.156,2.6825,3,16,37.5,13,30.77
P::score_trigger_ge_1.0+pct_correct_move_already_done_le_0.0::top1,delay_10m,stop_1.0,29,10,34.48,0.1402,0.0002,1.248,1.0,0.0059,3,16,37.5,13,30.77
P::score_trigger_ge_1.0+pct_correct_move_already_done_le_0.0::top1,delay_15m,stop_1.0,29,10,34.48,0.2129,0.0729,1.402,1.119,2.1137,3,16,37.5,13,30.77
P::score_trigger_ge_1.0+pct_correct_move_already_done_le_0.0::top1,trigger,stop_1.25,29,10,34.48,0.0533,-0.0867,1.08,0.884,-2.5131,4,16,31.25,13,38.46
P::score_trigger_ge_1.0+pct_correct_move_already_done_le_0.0::top1,delay_5m,stop_1.0,29,10,34.48,0.2325,0.0925,1.455,1.156,2.6825,3,16,37.5,13,30.77
P::score_trigger_ge_1.0+pct_correct_move_already_done_le_0.0::top1,delay_10m,stop_1.0,29,10,34.48,0.1402,0.0002,1.248,1.0,0.0059,3,16,37.5,13,30.77
P::score_trigger_ge_1.0+pct_correct_move_already_done_le_0.0::top1,delay_15m,stop_1.0,29,10,34.48,0.2129,0.0729,1.402,1.119,2.1137,3,16,37.5,13,30.77
P::score_trigger_ge_1.0+pct_correct_move_already_done_le_0.0::top1,trigger,stop_1.25,29,10,34.48,0.0533,-0.0867,1.08,0.884,-2.5131,4,16,31.25,13,38.46
P::score_trigger_ge_1.0+pct_correct_move_already_done_le_0.0::top1,delay_5m,stop_1.0,29,10,34.48,0.2325,0.0925,1.455,1.156,2.6825,3,16,37.5,13,30.77
P::score_trigger_ge_1.0+pct_correct_move_already_done_le_0.0::top1,delay_10m,stop_1.0,29,10,34.48,0.1402,0.0002,1.248,1.0,0.0059,3,16,37.5,13,30.77
P::score_trigger_ge_1.0+pct_correct_move_already_done_le_0.0::top1,delay_15m,stop_1.0,29,10,34.48,0.2129,0.0729,1.402,1.119,2.1137,3,16,37.5,13,30.77
P::score_trigger_ge_1.0+pct_correct_move_already_done_le_0.0::top1,trigger,stop_1.25,29,10,34.48,0.0533,-0.0867,1.08,0.884,-2.5131,4,16,31.25,13,38.46
P::score_trigger_ge_1.0+pct_correct_move_already_done_le_0.0::top1,delay_5m,stop_1.0,29,10,34.48,0.2325,0.0925,1.455,1.156,2.6825,3,16,37.5,13,30.77
P::score_trigger_ge_1.0+pct_correct_move_already_done_le_0.0::top1,delay_10m,stop_1.0,29,10,34.48,0.1402,0.0002,1.248,1.0,0.0059,3,16,37.5,13,30.77
P::score_trigger_ge_1.0+pct_correct_move_already_done_le_0.0::top1,delay_15m,stop_1.0,29,10,34.48,0.2129,0.0729,1.402,1.119,2.1137,3,16,37.5,13,30.77
P::score_trigger_ge_1.0+pct_correct_move_already_done_le_0.0::top1,trigger,stop_1.25,29,10,34.48,0.0533,-0.0867,1.08,0.884,-2.5131,4,16,31.25,13,38.46
P::score_trigger_ge_1.0+pct_correct_move_already_done_le_0.0::top1,delay_5m,stop_1.0,29,10,34.48,0.2325,0.0925,1.455,1.156,2.6825,3,16,37.5,13,30.77
P::score_trigger_ge_1.0+pct_correct_move_already_done_le_0.0::top1,delay_10m,stop_1.0,29,10,34.48,0.1402,0.0002,1.248,1.0,0.0059,3,16,37.5,13,30.77
P::score_trigger_ge_1.0+pct_correct_move_already_done_le_0.0::top1,delay_15m,stop_1.0,29,10,34.48,0.2129,0.0729,1.402,1.119,2.1137,3,16,37.5,13,30.77
P::score_trigger_ge_1.0+is_during_correct_move_FALSE::top1,trigger,stop_1.25,29,10,34.48,0.0533,-0.0867,1.08,0.884,-2.5131,4,16,31.25,13,38.46
P::score_trigger_ge_1.0+is_during_correct_move_FALSE::top1,delay_5m,stop_1.0,29,10,34.48,0.2325,0.0925,1.455,1.156,2.6825,3,16,37.5,13,30.77
P::score_trigger_ge_1.0+is_during_correct_move_FALSE::top1,delay_10m,stop_1.0,29,10,34.48,0.1402,0.0002,1.248,1.0,0.0059,3,16,37.5,13,30.77
P::score_trigger_ge_1.0+is_during_correct_move_FALSE::top1,delay_15m,stop_1.0,29,10,34.48,0.2129,0.0729,1.402,1.119,2.1137,3,16,37.5,13,30.77
P::score_trigger_ge_1.0+is_during_correct_move_FALSE::top1,trigger,stop_1.25,29,10,34.48,0.0533,-0.0867,1.08,0.884,-2.5131,4,16,31.25,13,38.46
P::score_trigger_ge_1.0+is_during_correct_move_FALSE::top1,delay_5m,stop_1.0,29,10,34.48,0.2325,0.0925,1.455,1.156,2.6825,3,16,37.5,13,30.77
P::score_trigger_ge_1.0+is_during_correct_move_FALSE::top1,delay_10m,stop_1.0,29,10,34.48,0.1402,0.0002,1.248,1.0,0.0059,3,16,37.5,13,30.77
P::score_trigger_ge_1.0+is_during_correct_move_FALSE::top1,delay_15m,stop_1.0,29,10,34.48,0.2129,0.0729,1.402,1.119,2.1137,3,16,37.5,13,30.77
S::score_trigger_ge_1.0::top1,trigger,stop_1.25,29,10,34.48,0.111,-0.029,1.166,0.961,-0.8396,4,16,31.25,13,38.46
S::score_trigger_ge_1.0::top1,trigger,stop_1.25,29,10,34.48,0.111,-0.029,1.166,0.961,-0.8396,4,16,31.25,13,38.46
P::score_trigger_ge_1.0+pct_correct_move_already_done_le_0.0::top1,trigger,stop_1.0,29,9,31.03,0.0792,-0.0608,1.138,0.908,-1.7631,4,16,31.25,13,30.77
P::score_trigger_ge_1.0+pct_correct_move_already_done_le_0.0::top1,trigger,stop_1.0,29,9,31.03,0.0792,-0.0608,1.138,0.908,-1.7631,4,16,31.25,13,30.77
P::score_trigger_ge_1.0+pct_correct_move_already_done_le_0.0::top1,trigger,stop_1.0,29,9,31.03,0.0792,-0.0608,1.138,0.908,-1.7631,4,16,31.25,13,30.77
P::score_trigger_ge_1.0+pct_correct_move_already_done_le_0.0::top1,trigger,stop_1.0,29,9,31.03,0.0792,-0.0608,1.138,0.908,-1.7631,4,16,31.25,13,30.77
P::score_trigger_ge_1.0+pct_correct_move_already_done_le_0.0::top1,trigger,stop_1.0,29,9,31.03,0.0792,-0.0608,1.138,0.908,-1.7631,4,16,31.25,13,30.77
P::score_trigger_ge_1.0+pct_correct_move_already_done_le_0.0::top1,trigger,stop_1.0,29,9,31.03,0.0792,-0.0608,1.138,0.908,-1.7631,4,16,31.25,13,30.77
P::score_trigger_ge_1.0+is_during_correct_move_FALSE::top1,trigger,stop_1.0,29,9,31.03,0.0792,-0.0608,1.138,0.908,-1.7631,4,16,31.25,13,30.77
P::score_trigger_ge_1.0+is_during_correct_move_FALSE::top1,trigger,stop_1.0,29,9,31.03,0.0792,-0.0608,1.138,0.908,-1.7631,4,16,31.25,13,30.77
S::score_trigger_ge_1.0::top1,trigger,stop_1.0,29,8,27.59,0.0335,-0.1065,1.055,0.848,-3.0896,4,16,25.0,13,30.77
S::score_trigger_ge_1.0::top1,trigger,stop_1.0,29,8,27.59,0.0335,-0.1065,1.055,0.848,-3.0896,4,16,25.0,13,30.77
P::score_trigger_ge_1.0+pct_correct_move_already_done_le_0.0::top1,trigger,zone_boundary,29,5,17.24,0.0399,-0.1001,1.128,0.763,-2.902,12,16,31.25,13,0.0
P::score_trigger_ge_1.0+pct_correct_move_already_done_le_0.0::top1,trigger,zone_boundary,29,5,17.24,0.0399,-0.1001,1.128,0.763,-2.902,12,16,31.25,13,0.0
P::score_trigger_ge_1.0+pct_correct_move_already_done_le_0.0::top1,trigger,zone_boundary,29,5,17.24,0.0399,-0.1001,1.128,0.763,-2.902,12,16,31.25,13,0.0
P::score_trigger_ge_1.0+pct_correct_move_already_done_le_0.0::top1,trigger,zone_boundary,29,5,17.24,0.0399,-0.1001,1.128,0.763,-2.902,12,16,31.25,13,0.0
P::score_trigger_ge_1.0+pct_correct_move_already_done_le_0.0::top1,trigger,zone_boundary,29,5,17.24,0.0399,-0.1001,1.128,0.763,-2.902,12,16,31.25,13,0.0
P::score_trigger_ge_1.0+pct_correct_move_already_done_le_0.0::top1,trigger,zone_boundary,29,5,17.24,0.0399,-0.1001,1.128,0.763,-2.902,12,16,31.25,13,0.0
P::score_trigger_ge_1.0+is_during_correct_move_FALSE::top1,trigger,zone_boundary,29,5,17.24,0.0399,-0.1001,1.128,0.763,-2.902,12,16,31.25,13,0.0
P::score_trigger_ge_1.0+is_during_correct_move_FALSE::top1,trigger,zone_boundary,29,5,17.24,0.0399,-0.1001,1.128,0.763,-2.902,12,16,31.25,13,0.0
S::score_trigger_ge_1.0::top1,trigger,zone_boundary,29,4,13.79,-0.0566,-0.1966,0.83,0.566,-5.7008,14,16,25.0,13,0.0
S::score_trigger_ge_1.0::top1,trigger,zone_boundary,29,4,13.79,-0.0566,-0.1966,0.83,0.566,-5.7008,14,16,25.0,13,0.0
P::score_trigger_ge_1.0+pct_correct_move_already_done_le_0.0::top1,delay_10m,zone_boundary,29,3,10.34,0.1079,-0.0321,1.87,0.863,-0.9317,6,16,18.75,13,0.0
P::score_trigger_ge_1.0+pct_correct_move_already_done_le_0.0::top1,delay_15m,zone_boundary,29,3,10.34,0.0794,-0.0606,1.498,0.776,-1.7574,12,16,18.75,13,0.0
P::score_trigger_ge_1.0+pct_correct_move_already_done_le_0.0::top1,delay_10m,zone_boundary,29,3,10.34,0.1079,-0.0321,1.87,0.863,-0.9317,6,16,18.75,13,0.0
P::score_trigger_ge_1.0+pct_correct_move_already_done_le_0.0::top1,delay_15m,zone_boundary,29,3,10.34,0.0794,-0.0606,1.498,0.776,-1.7574,12,16,18.75,13,0.0
P::score_trigger_ge_1.0+pct_correct_move_already_done_le_0.0::top1,delay_10m,zone_boundary,29,3,10.34,0.1079,-0.0321,1.87,0.863,-0.9317,6,16,18.75,13,0.0
P::score_trigger_ge_1.0+pct_correct_move_already_done_le_0.0::top1,delay_15m,zone_boundary,29,3,10.34,0.0794,-0.0606,1.498,0.776,-1.7574,12,16,18.75,13,0.0
P::score_trigger_ge_1.0+pct_correct_move_already_done_le_0.0::top1,delay_10m,zone_boundary,29,3,10.34,0.1079,-0.0321,1.87,0.863,-0.9317,6,16,18.75,13,0.0
P::score_trigger_ge_1.0+pct_correct_move_already_done_le_0.0::top1,delay_15m,zone_boundary,29,3,10.34,0.0794,-0.0606,1.498,0.776,-1.7574,12,16,18.75,13,0.0
P::score_trigger_ge_1.0+pct_correct_move_already_done_le_0.0::top1,delay_10m,zone_boundary,29,3,10.34,0.1079,-0.0321,1.87,0.863,-0.9317,6,16,18.75,13,0.0
P::score_trigger_ge_1.0+pct_correct_move_already_done_le_0.0::top1,delay_15m,zone_boundary,29,3,10.34,0.0794,-0.0606,1.498,0.776,-1.7574,12,16,18.75,13,0.0
P::score_trigger_ge_1.0+pct_correct_move_already_done_le_0.0::top1,delay_10m,zone_boundary,29,3,10.34,0.1079,-0.0321,1.87,0.863,-0.9317,6,16,18.75,13,0.0
P::score_trigger_ge_1.0+pct_correct_move_already_done_le_0.0::top1,delay_15m,zone_boundary,29,3,10.34,0.0794,-0.0606,1.498,0.776,-1.7574,12,16,18.75,13,0.0
P::score_trigger_ge_1.0+is_during_correct_move_FALSE::top1,delay_10m,zone_boundary,29,3,10.34,0.1079,-0.0321,1.87,0.863,-0.9317,6,16,18.75,13,0.0
P::score_trigger_ge_1.0+is_during_correct_move_FALSE::top1,delay_15m,zone_boundary,29,3,10.34,0.0794,-0.0606,1.498,0.776,-1.7574,12,16,18.75,13,0.0
P::score_trigger_ge_1.0+is_during_correct_move_FALSE::top1,delay_10m,zone_boundary,29,3,10.34,0.1079,-0.0321,1.87,0.863,-0.9317,6,16,18.75,13,0.0
P::score_trigger_ge_1.0+is_during_correct_move_FALSE::top1,delay_15m,zone_boundary,29,3,10.34,0.0794,-0.0606,1.498,0.776,-1.7574,12,16,18.75,13,0.0
P::score_trigger_ge_1.0+pct_correct_move_already_done_le_0.0::top1,confirmed,zone_boundary,29,2,6.9,0.0675,-0.0725,1.68,0.678,-2.1015,14,16,12.5,13,0.0
P::score_trigger_ge_1.0+pct_correct_move_already_done_le_0.0::top1,delay_5m,zone_boundary,29,2,6.9,0.0811,-0.0589,1.95,0.707,-1.7071,8,16,12.5,13,0.0
P::score_trigger_ge_1.0+pct_correct_move_already_done_le_0.0::top1,confirmed,zone_boundary,29,2,6.9,0.0675,-0.0725,1.68,0.678,-2.1015,14,16,12.5,13,0.0
P::score_trigger_ge_1.0+pct_correct_move_already_done_le_0.0::top1,delay_5m,zone_boundary,29,2,6.9,0.0811,-0.0589,1.95,0.707,-1.7071,8,16,12.5,13,0.0
P::score_trigger_ge_1.0+pct_correct_move_already_done_le_0.0::top1,confirmed,zone_boundary,29,2,6.9,0.0675,-0.0725,1.68,0.678,-2.1015,14,16,12.5,13,0.0
P::score_trigger_ge_1.0+pct_correct_move_already_done_le_0.0::top1,delay_5m,zone_boundary,29,2,6.9,0.0811,-0.0589,1.95,0.707,-1.7071,8,16,12.5,13,0.0
P::score_trigger_ge_1.0+pct_correct_move_already_done_le_0.0::top1,confirmed,zone_boundary,29,2,6.9,0.0675,-0.0725,1.68,0.678,-2.1015,14,16,12.5,13,0.0
P::score_trigger_ge_1.0+pct_correct_move_already_done_le_0.0::top1,delay_5m,zone_boundary,29,2,6.9,0.0811,-0.0589,1.95,0.707,-1.7071,8,16,12.5,13,0.0
P::score_trigger_ge_1.0+pct_correct_move_already_done_le_0.0::top1,confirmed,zone_boundary,29,2,6.9,0.0675,-0.0725,1.68,0.678,-2.1015,14,16,12.5,13,0.0
P::score_trigger_ge_1.0+pct_correct_move_already_done_le_0.0::top1,delay_5m,zone_boundary,29,2,6.9,0.0811,-0.0589,1.95,0.707,-1.7071,8,16,12.5,13,0.0
P::score_trigger_ge_1.0+pct_correct_move_already_done_le_0.0::top1,confirmed,zone_boundary,29,2,6.9,0.0675,-0.0725,1.68,0.678,-2.1015,14,16,12.5,13,0.0
P::score_trigger_ge_1.0+pct_correct_move_already_done_le_0.0::top1,delay_5m,zone_boundary,29,2,6.9,0.0811,-0.0589,1.95,0.707,-1.7071,8,16,12.5,13,0.0
P::score_trigger_ge_1.0+is_during_correct_move_FALSE::top1,confirmed,zone_boundary,29,2,6.9,0.0675,-0.0725,1.68,0.678,-2.1015,14,16,12.5,13,0.0
P::score_trigger_ge_1.0+is_during_correct_move_FALSE::top1,delay_5m,zone_boundary,29,2,6.9,0.0811,-0.0589,1.95,0.707,-1.7071,8,16,12.5,13,0.0
P::score_trigger_ge_1.0+is_during_correct_move_FALSE::top1,confirmed,zone_boundary,29,2,6.9,0.0675,-0.0725,1.68,0.678,-2.1015,14,16,12.5,13,0.0
P::score_trigger_ge_1.0+is_during_correct_move_FALSE::top1,delay_5m,zone_boundary,29,2,6.9,0.0811,-0.0589,1.95,0.707,-1.7071,8,16,12.5,13,0.0
S::score_trigger_ge_1.0::top1,confirmed,zone_boundary,29,2,6.9,0.0356,-0.1044,1.348,0.551,-3.0263,17,16,12.5,13,0.0
S::score_trigger_ge_1.0::top1,delay_5m,zone_boundary,29,2,6.9,0.0569,-0.0831,1.639,0.607,-2.409,9,16,12.5,13,0.0
S::score_trigger_ge_1.0::top1,delay_10m,zone_boundary,29,2,6.9,0.0207,-0.1193,1.161,0.518,-3.4596,7,16,12.5,13,0.0
S::score_trigger_ge_1.0::top1,delay_15m,zone_boundary,29,2,6.9,-0.016,-0.156,0.903,0.453,-4.5234,13,16,12.5,13,0.0
S::score_trigger_ge_1.0::top1,confirmed,zone_boundary,29,2,6.9,0.0356,-0.1044,1.348,0.551,-3.0263,17,16,12.5,13,0.0
S::score_trigger_ge_1.0::top1,delay_5m,zone_boundary,29,2,6.9,0.0569,-0.0831,1.639,0.607,-2.409,9,16,12.5,13,0.0
S::score_trigger_ge_1.0::top1,delay_10m,zone_boundary,29,2,6.9,0.0207,-0.1193,1.161,0.518,-3.4596,7,16,12.5,13,0.0
S::score_trigger_ge_1.0::top1,delay_15m,zone_boundary,29,2,6.9,-0.016,-0.156,0.903,0.453,-4.5234,13,16,12.5,13,0.0
